#
# A fatal error has been detected by the Java Runtime Environment:
#
#  EXCEPTION_ACCESS_VIOLATION (0xc0000005) at pc=0x00007ffb8d3cc379, pid=14536, tid=12344
#
# JRE version: OpenJDK Runtime Environment Zulu21.50+19-CA (21.0.11+10) (build 21.0.11+10-LTS)
# Java VM: OpenJDK 64-Bit Server VM Zulu21.50+19-CA (21.0.11+10-LTS, mixed mode, sharing, tiered, compressed oops, compressed class ptrs, g1 gc, windows-amd64)
# Problematic frame:
# V  [jvm.dll+0x37c379]
#
# No core dump will be written. Minidumps are not enabled by default on client versions of Windows
#
# If you would like to submit a bug report, please visit:
#   http://www.azul.com/support/
#

---------------  S U M M A R Y ------------

Command Line: --add-opens=java.base/java.lang=ALL-UNNAMED --add-opens=java.base/java.lang.invoke=ALL-UNNAMED --add-opens=java.base/java.util=ALL-UNNAMED --add-opens=java.prefs/java.util.prefs=ALL-UNNAMED --add-exports=jdk.compiler/com.sun.tools.javac.api=ALL-UNNAMED --add-exports=jdk.compiler/com.sun.tools.javac.util=ALL-UNNAMED --add-opens=java.base/java.nio.charset=ALL-UNNAMED --add-opens=java.base/java.net=ALL-UNNAMED --add-opens=java.base/java.util.concurrent=ALL-UNNAMED --add-opens=java.base/java.util.concurrent.atomic=ALL-UNNAMED --add-opens=java.xml/javax.xml.namespace=ALL-UNNAMED --add-opens=java.base/java.time=ALL-UNNAMED -Xmx4096M -Dfile.encoding=UTF-8 -Duser.country=US -Duser.language=en -Duser.variant -javaagent:C:\Users\Tushar\.gradle\wrapper\dists\gradle-9.6.0-bin\42k10rwplmzkhuboz9kdazi7s\gradle-9.6.0\lib\agents\gradle-instrumentation-agent-9.6.0.jar org.gradle.launcher.daemon.bootstrap.GradleDaemon 9.6.0

Host: AMD Ryzen 5 3500X 6-Core Processor             , 6 cores, 23G,  Windows 11 , 64 bit Build 26100 (10.0.26100.9549)
Time: Fri Oct  2 01:58:08 2026 Bangladesh Standard Time elapsed time: 6008.804890 seconds (0d 1h 40m 8s)

---------------  T H R E A D  ---------------

Current thread (0x000001f93ceb6110):  WorkerThread "GC Thread#0"    [id=12344, stack(0x000000b154c00000,0x000000b154d00000) (1024K)]

Stack: [0x000000b154c00000,0x000000b154d00000],  sp=0x000000b154cff580,  free space=1021k
Native frames: (J=compiled Java code, j=interpreted, Vv=VM code, C=native code)
V  [jvm.dll+0x37c379]
V  [jvm.dll+0x3789fe]
V  [jvm.dll+0x385e17]
V  [jvm.dll+0x387be9]
V  [jvm.dll+0x3861ba]
V  [jvm.dll+0x387858]
V  [jvm.dll+0x391e13]
V  [jvm.dll+0x391f68]
V  [jvm.dll+0x9156ee]
V  [jvm.dll+0x88f476]
V  [jvm.dll+0x700cc4]
C  [ucrtbase.dll+0x2cd30]
C  [KERNEL32.DLL+0x2cdf7]
C  [ntdll.dll+0x7ee4c]


siginfo: EXCEPTION_ACCESS_VIOLATION (0xc0000005), reading address 0x0000000002000000


Registers:
RAX=0x0000000000000000, RBX=0x000001f9cc3f9680, RCX=0x0000000000000015, RDX=0x0000000000000000
RSP=0x000000b154cff580, RBP=0x0000000000004127, RSI=0x000001f93ce68560, RDI=0x00000007171285fc
R8 =0x00000007171285f0, R9 =0x00000007ffb7a1b0, R10=0x0000000002000000, R11=0xffffffffffffffff
R12=0x0000000000000013, R13=0x000001f93ce5fdf0, R14=0x0000000000000040, R15=0x0000000000000000
RIP=0x00007ffb8d3cc379, EFLAGS=0x0000000000010246

XMM[0]=0xe3d0b69801735938 0x0000000000000009
XMM[1]=0x0000000000000000 0x0000000000000000
XMM[2]=0xe3df602100000000 0x00000000e3d0b7a1
XMM[3]=0x0000000000000000 0x0000000000000000
XMM[4]=0x0000000000000000 0x0000000000000000
XMM[5]=0xe16809ab00000000 0x0000000000000000
XMM[6]=0x0000000000000000 0x0000000000000000
XMM[7]=0x0000000000000000 0x0000000000000000
XMM[8]=0x0000000000000000 0x0000000000000000
XMM[9]=0x0000000000000000 0x0000000000000000
XMM[10]=0x0000000000000000 0x0000000000000000
XMM[11]=0x0000000000000000 0x0000000000000000
XMM[12]=0x0000000000000000 0x0000000000000000
XMM[13]=0x0000000000000000 0x0000000000000000
XMM[14]=0x0000000000000000 0x0000000000000000
XMM[15]=0x0000000000000000 0x0000000000000000
  MXCSR=0x00001fa0


Register to memory mapping:

RAX=0x0 is null
RBX=0x000001f9cc3f9680 points into unknown readable memory: 0x00007ffb8dacd628 | 28 d6 ac 8d fb 7f 00 00
RCX=0x0000000000000015 is an unknown value
RDX=0x0 is null
RSP=0x000000b154cff580 points into unknown readable memory: 0x000001f9cc3f0000 | 00 00 3f cc f9 01 00 00
RBP=0x0000000000004127 is an unknown value
RSI=0x000001f93ce68560 points into unknown readable memory: 0x0000000000000000 | 00 00 00 00 00 00 00 00
RDI=0x00000007171285fc is pointing into object: org.gradle.api.internal.provider.DefaultProperty 
{0x00000007171285f0} - klass: 'org/gradle/api/internal/provider/DefaultProperty'
 - ---- fields (total size 5 words):
 - private 'producer' 'Lorg/gradle/internal/state/ModelObject;' @12  
[error occurred during error reporting (printing register info), id 0xc0000005, EXCEPTION_ACCESS_VIOLATION (0xc0000005) at pc=0x00007ffb8d73cc4d]
R8 =0x00000007171285f0 is an oop: org.gradle.api.internal.provider.DefaultProperty 
{0x00000007171285f0} - klass: 'org/gradle/api/internal/provider/DefaultProperty'
 - ---- fields (total size 5 words):
 - private 'producer' 'Lorg/gradle/internal/state/ModelObject;' @12  
[error occurred during error reporting (printing register info, attempt 2), id 0xc0000005, EXCEPTION_ACCESS_VIOLATION (0xc0000005) at pc=0x00007ffb8d73cc4d]
R9 =0x00000007ffb7a1b0 is an oop: java.lang.Class 
{0x00000007ffb7a1b0} - klass: 'java/lang/Class'
 - ---- fields (total size 14 words):
 - private volatile transient 'classRedefinedCount' 'I' @12  0 (0x00000000)
 - injected 'klass' 'J' @16  2170554688616 (0x000001f95f242468)
 - injected 'array_klass' 'J' @24  2170572792432 (0x000001f960386270)
 - injected 'oop_size' 'I' @32  14 (0x0000000e)
 - injected 'static_oop_field_count' 'I' @36  0 (0x00000000)
 - private volatile transient 'cachedConstructor' 'Ljava/lang/reflect/Constructor;' @40  null (0x00000000)
 - private transient 'name' 'Ljava/lang/String;' @44  "org.gradle.api.internal.attributes.AttributeContainerInternal"{0x00000007ffb7a220} (0xfff6f444)
 - private transient 'module' 'Ljava/lang/Module;' @48  a 'java/lang/Module'{0x000000070063f178} (0xe00c7e2f)
 - private final 'classLoader' 'Ljava/lang/ClassLoader;' @52  a 'org/gradle/internal/classloader/VisitableURLClassLoader'{0x0000000700646dc0} (0xe00c8db8)
 - private transient 'classData' 'Ljava/lang/Object;' @56  null (0x00000000)
 - private transient 'packageName' 'Ljava/lang/String;' @60  "org.gradle.api.internal.attributes"{0x0000000701a2da28} (0xe0345b45)
 - private final 'componentType' 'Ljava/lang/Class;' @64  null (0x00000000)
 - private volatile transient 'reflectionData' 'Ljava/lang/ref/SoftReference;' @68  null (0x00000000)
 - private volatile transient 'genericInfo' 'Lsun/reflect/generics/repository/ClassRepository;' @72  null (0x00000000)
 - private volatile transient 'enumConstants' '[Ljava/lang/Object;' @76  null (0x00000000)
 - private volatile transient 'enumConstantDirectory' 'Ljava/util/Map;' @80  null (0x00000000)
 - private volatile transient 'annotationData' 'Ljava/lang/Class$AnnotationData;' @84  null (0x00000000)
 - private volatile transient 'annotationType' 'Lsun/reflect/annotation/AnnotationType;' @88  null (0x00000000)
 - transient 'classValueMap' 'Ljava/lang/ClassValue$ClassValueMap;' @92  null (0x00000000)
 - injected 'protection_domain' 'Ljava/lang/Object;' @96  a 'java/security/ProtectionDomain'{0x000000070063f8e0} (0xe00c7f1c)
 - injected 'signers_name' 'Ljava/lang/Object;' @100  null (0x00000000)
 - injected 'source_file' 'Ljava/lang/Object;' @104  null (0x00000000)
 - injected '<init_lock>' 'Ljava/lang/Object;' @108  [I{0x00000007ffb7a288} (0xfff6f451)
 - signature: Lorg/gradle/api/internal/attributes/AttributeContainerInternal;
 - ---- static fields (0):
R10=33554432 is a compressed pointer to class: 0x000001f960000000
org.jetbrains.kotlin.fir.declarations.impl.FirAnonymousFunctionImpl {0x000001f960000008}
 - instance size:     13
 - klass size:        224
 - access:            public final synchronized 
 - flags:             rewritten has_nonstatic_fields should_verify_class has_nonstatic_concrete_methods has_localvariable_table has_miranda_methods 
 - state:             fully_initialized
 - name:              'org/jetbrains/kotlin/fir/declarations/impl/FirAnonymousFunctionImpl'
 - super:             'org/jetbrains/kotlin/fir/declarations/FirAnonymousFunction'
 - sub:               
 - arrays:            null
 - methods:           Array<T>(0x000001f9ac164110)
 - method ordering:   Array<T>(0x000001f95eb83978)
 - default_methods:   Array<T>(0x000001f9ac16deb8)
 - default vtable indices:   Array<T>(0x000001f9ac16ded0)
 - local interfaces:  Array<T>(0x000001f95e663f08)
 - trans. interfaces: Array<T>(0x000001f9ac16cde8)
 - secondary supers: Array<T>(0x000001f9ac16de70)
 - hash_slot:         25
 - bitmap:            0x0030082044008400
 - constants:         constant pool [606] {0x000001f9ac162c30} for 'org/jetbrains/kotlin/fir/declarations/impl/FirAnonymousFunctionImpl' cache=0x000001f9ac16dff0
 - class loader data:  loader data: 0x000001f95d473850 for instance a 'org/gradle/internal/classloader/VisitableURLClassLoader'{0x0000000700646dc0}
 - source file:       'FirAnonymousFunctionImpl.kt'
 - class annotations:       Array<T>(0x000001f9ac169f10)
 - inner classes:     Array<T>(0x000001f9ac167fb8)
 - nest members:     Array<T>(0x000001f95e663e90)
 - permitted subclasses:     Array<T>(0x000001f95e663e90)
 - java mirror:       a 'java/lang/Class'{0x0000000714c242e8} = 'org/jetbrains/kotlin/fir/declarations/impl/FirAnonymousFunctionImpl'
 - vtable length      84  (start addr: 0x000001f9600001d8)
 - itable length      79 (start addr: 0x000001f960000478)
 - ---- static fields (0 words):
 - ---- non-static fields (23 words):
 - public volatile 'resolveState' 'Lorg/jetbrains/kotlin/fir/declarations/FirResolveState;' @12 
 - private final 'isLambda' 'Z' @16 
 - private final 'hasExplicitParameterList' 'Z' @17 
 - private final 'source' 'Lorg/jetbrains/kotlin/KtSourceElement;' @20 
 - private 'annotations' 'Ljava/util/List;' @24 
 - private final 'moduleData' 'Lorg/jetbrains/kotlin/fir/FirModuleData;' @28 
 - private final 'origin' 'Lorg/jetbrains/kotlin/fir/declarations/FirDeclarationOrigin;' @32 
 - private final 'attributes' 'Lorg/jetbrains/kotlin/fir/declarations/FirDeclarationAttributes;' @36 
 - private 'status' 'Lorg/jetbrains/kotlin/fir/declarations/FirDeclarationStatus;' @40 
 - private 'returnTypeRef' 'Lorg/jetbrains/kotlin/fir/types/FirTypeRef;' @44 
 - private 'receiverParameter' 'Lorg/jetbrains/kotlin/fir/declarations/FirReceiverParameter;' @48 
 - private 'deprecationsProvider' 'Lorg/jetbrains/kotlin/fir/declarations/DeprecationsProvider;' @52 
 - private final 'dispatchReceiverType' 'Lorg/jetbrains/kotlin/fir/types/ConeSimpleKotlinType;' @56 
 - private 'contextParameters' 'Ljava/util/List;' @60 
 - private 'controlFlowGraphReference' 'Lorg/jetbrains/kotlin/fir/references/FirControlFlowGraphReference;' @64 
 - private final 'valueParameters' 'Ljava/util/List;' @68 
 - private 'body' 'Lorg/jetbrains/kotlin/fir/expressions/FirBlock;' @72 
 - private 'contractDescription' 'Lorg/jetbrains/kotlin/fir/contracts/FirContractDescription;' @76 
 - private final 'symbol' 'Lorg/jetbrains/kotlin/fir/symbols/impl/FirAnonymousFunctionSymbol;' @80 
 - private 'label' 'Lorg/jetbrains/kotlin/fir/FirLabel;' @84 
 - private 'invocationKind' 'Lorg/jetbrains/kotlin/contracts/description/EventOccurrencesRange;' @88 
 - private 'inlineStatus' 'Lorg/jetbrains/kotlin/fir/declarations/InlineStatus;' @92 
 - private final 'typeParameters' 'Ljava/util/List;' @96 
 - private 'typeRef' 'Lorg/jetbrains/kotlin/fir/types/FirTypeRef;' @100 
 - non-static oop maps: 12-12 20-100 
 - ---- field info search table:
   [0] #600,#370 = typeParameters:Ljava/util/List; @ 000001F95CC108A8,000001F95E4DE188
   [2] #421,#370 = annotations:Ljava/util/List; @ 000001F95E4D2300,000001F95E4DE188
   [4] #579,#380 = source:Lorg/jetbrains/kotlin/KtSourceElement; @ 000001F95E4E7038,000001F9A6369858
   [6] #580,#391 = status:Lorg/jetbrains/kotlin/fir/declarations/FirDeclarationStatus; @ 000001F95E4E9838,000001F9A570C3D8
   [8] #427,#399 = body:Lorg/jetbrains/kotlin/fir/expressions/FirBlock; @ 000001F95E55AD88,000001F9A7ACE748
   [10] #425,#388 = attributes:Lorg/jetbrains/kotlin/fir/declarations/FirDeclarationAttributes; @ 000001F95E5617A8,000001F9A56F4698
   [12] #601,#403 = typeRef:Lorg/jetbrains/kotlin/fir/types/FirTypeRef; @ 000001F95E597C38,000001F9A7AA1528
   [14] #488,#382 = label:Lorg/jetbrains/kotlin/fir/FirLabel; @ 000001F95E597D60,000001F9A5B8FC78
   [16] #548,#390 = origin:Lorg/jetbrains/kotlin/fir/declarations/FirDeclarationOrigin; @ 000001F95E5D8F90,000001F9A56F6678
   [18] #581,#401 = symbol:Lorg/jetbrains/kotlin/fir/symbols/impl/FirAnonymousFunctionSymbol; @ 000001F95E632198,000001F9A4DDA8D8
   [20] #439,#402 = dispatchReceiverType:Lorg/jetbrains/kotlin/fir/types/ConeSimpleKotlinType; @ 000001F9A5A99448,000001F9A52FD8E8
   [22] #434,#400 = controlFlowGraphReference:Lorg/jetbrains/kotlin/fir/references/FirControlFlowGraphReference; @ 000001F9A5A99948,000001F9A56F4EB8
   [24] #438,#386 = deprecationsProvider:Lorg/jetbrains/kotlin/fir/declarations/DeprecationsProvider; @ 000001F9A5A9A1B8,000001F9A56F4558
   [26] #433,#385 = contractDescription:Lorg/jetbrains/kotlin/fir/contracts/FirContractDescription; @ 000001F9A5AACD18,000001F9A4DBB258
   [28] #473,#417 = isLambda:Z @ 000001F9A6C04228,000001F95E4D67C0
   [30] #472,#381 = invocationKind:Lorg/jetbrains/kotlin/contracts/description/EventOccurrencesRange; @ 000001F9A6EF1F48,000001F9A4DD8678
   [32] #471,#396 = inlineStatus:Lorg/jetbrains/kotlin/fir/declarations/InlineStatus; @ 000001F9A6EF2548,000001F9A7B4D478
   [34] #469,#417 = hasExplicitParameterList:Z @ 000001F9A71B5D58,000001F95E4D67C0
   [36] #489,#383 = moduleData:Lorg/jetbrains/kotlin/fir/FirModuleData; @ 000001F9A76AB4B8,000001F9A63785E8
   [38] #603,#370 = valueParameters:Ljava/util/List; @ 000001F9A7E71F98,000001F95E4DE188
   [40] #549,#392 = receiverParameter:Lorg/jetbrains/kotlin/fir/declarations/FirReceiverParameter; @ 000001F9A7E757D8,000001F9A56F86F8
   [42] #564,#403 = returnTypeRef:Lorg/jetbrains/kotlin/fir/types/FirTypeRef; @ 000001F9A83B0CE8,000001F9A7AA1528
   [44] #432,#370 = contextParameters:Ljava/util/List; @ 000001F9A8B9B158,000001F95E4DE188
R11=0xffffffffffffffff is an unknown value
R12=0x0000000000000013 is an unknown value
R13=0x000001f93ce5fdf0 points into unknown readable memory: 0x0000000000000002 | 02 00 00 00 00 00 00 00
R14=0x0000000000000040 is an unknown value
R15=0x0 is null

Top of Stack: (sp=0x000000b154cff580)
0x000000b154cff580:   000001f9cc3f0000 0000000000000001   ..?.............
0x000000b154cff590:   000001f900000000 0000000000000028   ........(.......
0x000000b154cff5a0:   000000071108d600 0000000000000088   ................
0x000000b154cff5b0:   000000b154cff7b0 000000071108fc08   ...T............
0x000000b154cff5c0:   000000b154cff7b0 00007ffb8d3c89fe   ...T......<.....
0x000000b154cff5d0:   000001f9b835af70 000001f9cc3f9680   p.5.......?.....
0x000000b154cff5e0:   000000071108d000 0000000000000040   ........@.......
0x000000b154cff5f0:   0000000dfd8514a6 0000000000000000   ................
0x000000b154cff600:   0000000000000013 000000b154cff7b0   ...........T....
0x000000b154cff610:   000001f95cb60a00 00007ffb8d3d5e17   ...\.....^=.....
0x000000b154cff620:   0000000000000088 000001f95cb60a00   ...........\....
0x000000b154cff630:   000000b154cff7b0 0000000000000004   ...T............
0x000000b154cff640:   000000b1552fed60 00007ffb8d74ad9f   `./U......t.....
0x000000b154cff650:   000000071108d600 00000000000004c0   ................
0x000000b154cff660:   00007ffb8dace878 0000000000000000   x...............
0x000000b154cff670:   000001f93ce605b0 000001f9cc3f9680   ...<......?.....
0x000000b154cff680:   000000b154cff800 00007ffb8d8ea877   ...T....w.......
0x000000b154cff690:   000001f93ce5f020 000001f956118480    ..<.......V....
0x000000b154cff6a0:   000001f93ce4cf30 00007ffb8d3d7be9   0..<.....{=.....
0x000000b154cff6b0:   000000b154cff730 00007ffb8d3bf5f2   0..T......;.....
0x000000b154cff6c0:   0000000000000004 000001f95611847e   ........~..V....
0x000000b154cff6d0:   0000000000000004 000000000000006c   ........l.......
0x000000b154cff6e0:   000001f93ce5fc30 0000000000000010   0..<............
0x000000b154cff6f0:   000001f93ce4cf30 000000b154cff849   0..<....I..T....
0x000000b154cff700:   000000b154cff7b0 00007ffb8d3d61ba   ...T.....a=.....
0x000000b154cff710:   00000000000003d8 000001f93ce5f030   ........0..<....
0x000000b154cff720:   000001f93ce5f408 000001f95cb60a00   ...<.......\....
0x000000b154cff730:   000001f9cc3f9680 0000000dfd851389   ..?.............
0x000000b154cff740:   0000000000000000 000000b154cff808   ...........T....
0x000000b154cff750:   000000b154cff818 000001f9a312ea00   ...T............
0x000000b154cff760:   000001f93ce605b0 00007ffb8d3d7858   ...<....Xx=.....
0x000000b154cff770:   000000000000007c 000001f93ce5f030   |.......0..<....

Instructions: (pc=0x00007ffb8d3cc379)
0x00007ffb8d3cc279:   fd ff ff 48 8d 57 fe 48 8b cb e8 78 f3 ff ff e9
0x00007ffb8d3cc289:   d3 fd ff ff 0f 1f 00 48 8b 73 10 8b ae 80 00 00
0x00007ffb8d3cc299:   00 8b cd 8b 86 00 01 00 00 2b c8 81 e1 ff ff 01
0x00007ffb8d3cc2a9:   00 41 3b ce 0f 86 4b 02 00 00 ff cd 81 e5 ff ff
0x00007ffb8d3cc2b9:   01 00 89 ae 80 00 00 00 e8 7a 5f 37 00 90 8b d5
0x00007ffb8d3cc2c9:   48 8b 86 80 01 00 00 8b cd 48 8b 3c e8 8b 86 00
0x00007ffb8d3cc2d9:   01 00 00 2b c8 81 e1 ff ff 01 00 81 f9 ff ff 01
0x00007ffb8d3cc2e9:   00 41 0f 44 cf 85 c9 75 3d 90 89 6c 24 50 48 8b
0x00007ffb8d3cc2f9:   86 00 01 00 00 48 8b c8 48 c1 e9 20 ff c1 89 4c
0x00007ffb8d3cc309:   24 54 3b e8 0f 85 d9 01 00 00 48 c1 e1 20 48 0b
0x00007ffb8d3cc319:   ca f0 48 0f b1 8e 00 01 00 00 0f 85 c3 01 00 00
0x00007ffb8d3cc329:   8b 86 00 01 00 00 40 f6 c7 01 0f 84 a7 00 00 00
0x00007ffb8d3cc339:   8b 0d d9 2c 90 00 48 ff cf 48 8b 43 08 44 8b 17
0x00007ffb8d3cc349:   49 d3 e2 8b 88 b0 05 00 00 48 8b 80 a0 05 00 00
0x00007ffb8d3cc359:   4c 03 15 b0 2c 90 00 49 8b d2 48 d3 ea 0f b7 14
0x00007ffb8d3cc369:   50 0f b7 c2 66 c1 e8 08 84 c0 0f 88 17 ff ff ff
0x00007ffb8d3cc379:   4d 8b 02 41 0f b6 c0 24 03 3c 03 75 06 49 83 e0
0x00007ffb8d3cc389:   fc eb 11 4d 8b c8 48 8b cb 4d 8b c2 e8 66 ed ff
0x00007ffb8d3cc399:   ff 4c 8b c0 8b 0d 75 2c 90 00 49 8b d0 48 2b 15
0x00007ffb8d3cc3a9:   63 2c 90 00 48 d3 ea 89 17 49 8b d0 8b 0d a5 0a
0x00007ffb8d3cc3b9:   97 00 48 33 d7 48 d3 ea 48 85 d2 0f 84 c6 fe ff
0x00007ffb8d3cc3c9:   ff 48 8b 43 08 8b 88 b0 05 00 00 4c 8b 88 a0 05
0x00007ffb8d3cc3d9:   00 00 e9 87 00 00 00 40 f6 c7 03 0f 85 f1 00 00
0x00007ffb8d3cc3e9:   00 48 8b 43 08 4c 8b 17 49 8b d2 8b 88 b0 05 00
0x00007ffb8d3cc3f9:   00 48 8b 80 a0 05 00 00 48 d3 ea 0f b7 14 50 0f
0x00007ffb8d3cc409:   b7 c2 66 c1 e8 08 84 c0 0f 88 79 fe ff ff 4d 8b
0x00007ffb8d3cc419:   02 41 0f b6 c0 24 03 3c 03 75 06 49 83 e0 fc eb
0x00007ffb8d3cc429:   11 4d 8b c8 48 8b cb 4d 8b c2 e8 c8 ec ff ff 4c
0x00007ffb8d3cc439:   8b c0 49 8b d0 4c 89 07 8b 0d 19 0a 97 00 48 33
0x00007ffb8d3cc449:   d7 48 d3 ea 48 85 d2 0f 84 3a fe ff ff 48 8b 53
0x00007ffb8d3cc459:   08 8b 8a b0 05 00 00 4c 8b 8a a0 05 00 00 48 8b
0x00007ffb8d3cc469:   c7 48 d3 e8 41 0f b7 14 41 66 c1 ea 08 80 fa fe


Stack slot to memory mapping:

stack at sp + 0 slots: 0x000001f9cc3f0000 points into unknown readable memory: 0x0000000000000000 | 00 00 00 00 00 00 00 00
stack at sp + 1 slots: 0x0000000000000001 is an unknown value
stack at sp + 2 slots: 0x000001f900000000 is an unknown value
stack at sp + 3 slots: 0x0000000000000028 is an unknown value
stack at sp + 4 slots: 0x000000071108d600 is pointing into object: java.lang.ThreadLocal$SuppliedThreadLocal 
{0x000000071108d5f0} - klass: 'java/lang/ThreadLocal$SuppliedThreadLocal'
 - ---- fields (total size 3 words):
 - private final 'threadLocalHashCode' 'I' @12  35899899 (0x0223c9fb)
 - private final 'supplier' 'Ljava/util/function/Supplier;' @16  a 'org/gradle/api/internal/DefaultMutationGuard$$Lambda+0x000001f95f3a2000'{0x00000007ffa0dcd0} (0xfff41b9a)
stack at sp + 5 slots: 0x0000000000000088 is an unknown value
stack at sp + 6 slots: 0x000000b154cff7b0 points into unknown readable memory: 0x00007ffb8dacea08 | 08 ea ac 8d fb 7f 00 00
stack at sp + 7 slots: 0x000000071108fc08 is an oop: java.lang.String 
{0x000000071108fc08} - klass: 'java/lang/String'
 - string: "C:\"
 - ---- fields (total size 3 words):
 - private 'hash' 'I' @12  0 (0x00000000)
 - private final 'coder' 'B' @16  0 (0x00)
 - private 'hashIsZero' 'Z' @17  false (0x00)
 - injected 'flags' 'B' @18  0 (0x00)
 - private final 'value' '[B' @20  [B{0x000000071108fc20} (0xe2211f84)


---------------  P R O C E S S  ---------------

Threads class SMR info:
_java_thread_list=0x000001f9c4fd47d0, length=57, elements={
0x000001f93ce4dad0, 0x000001f95cc68450, 0x000001f95cc6cbf0, 0x000001f95cc73410,
0x000001f95cc76220, 0x000001f95cc80e60, 0x000001f95cc84ec0, 0x000001f95cc89720,
0x000001f95cc8e3d0, 0x000001f95d3ed070, 0x000001f95d462230, 0x000001f9a361d580,
0x000001f9a43ef840, 0x000001f9a4755d60, 0x000001f9a4801130, 0x000001f9a48017c0,
0x000001f9a47fe340, 0x000001f9a53a7c90, 0x000001f9a53a6f70, 0x000001f9a53a6250,
0x000001f9a53a7600, 0x000001f9a53a96d0, 0x000001f9a53a89b0, 0x000001f9a53a9040,
0x000001f9a53a68e0, 0x000001f9a53abe30, 0x000001f9a611e5d0, 0x000001f9c4faa820,
0x000001f9cc7d3e60, 0x000001f9b955f060, 0x000001f9c5bbad40, 0x000001f9ba5211b0,
0x000001f9cbb8ca20, 0x000001f9cc7cdbf0, 0x000001f9cbb8a950, 0x000001f9bf2143f0,
0x000001f9a6094a70, 0x000001f9a6092310, 0x000001f9a6095100, 0x000001f9a9573890,
0x000001f9a9573200, 0x000001f9a9576680, 0x000001f9c103d2b0, 0x000001f9c103b1e0,
0x000001f9c103b870, 0x000001f9c1039e30, 0x000001f9c103a4c0, 0x000001f9c103c590,
0x000001f9c103cc20, 0x000001f9c1b44990, 0x000001f9c1b44300, 0x000001f9c1b45020,
0x000001f9c1b43c70, 0x000001f9cc7cfcc0, 0x000001f9cc7d1700, 0x000001f9ba521840,
0x000001f9c160eb50
}

Java Threads: ( => current thread )
  0x000001f93ce4dad0 JavaThread "main"                              [_thread_blocked, id=18004, stack(0x000000b154b00000,0x000000b154c00000) (1024K)]
  0x000001f95cc68450 JavaThread "Reference Handler"          daemon [_thread_blocked, id=19936, stack(0x000000b155300000,0x000000b155400000) (1024K)]
  0x000001f95cc6cbf0 JavaThread "Finalizer"                  daemon [_thread_blocked, id=21480, stack(0x000000b155400000,0x000000b155500000) (1024K)]
  0x000001f95cc73410 JavaThread "Signal Dispatcher"          daemon [_thread_blocked, id=13720, stack(0x000000b155500000,0x000000b155600000) (1024K)]
  0x000001f95cc76220 JavaThread "Attach Listener"            daemon [_thread_blocked, id=11104, stack(0x000000b155600000,0x000000b155700000) (1024K)]
  0x000001f95cc80e60 JavaThread "Service Thread"             daemon [_thread_blocked, id=13044, stack(0x000000b155700000,0x000000b155800000) (1024K)]
  0x000001f95cc84ec0 JavaThread "Monitor Deflation Thread"   daemon [_thread_blocked, id=20804, stack(0x000000b155800000,0x000000b155900000) (1024K)]
  0x000001f95cc89720 JavaThread "C2 CompilerThread0"         daemon [_thread_blocked, id=13604, stack(0x000000b155900000,0x000000b155a00000) (1024K)]
  0x000001f95cc8e3d0 JavaThread "C1 CompilerThread0"         daemon [_thread_blocked, id=21192, stack(0x000000b155a00000,0x000000b155b00000) (1024K)]
  0x000001f95d3ed070 JavaThread "Common-Cleaner"             daemon [_thread_blocked, id=1972, stack(0x000000b155c00000,0x000000b155d00000) (1024K)]
  0x000001f95d462230 JavaThread "Notification Thread"        daemon [_thread_blocked, id=3516, stack(0x000000b155d00000,0x000000b155e00000) (1024K)]
  0x000001f9a361d580 JavaThread "Daemon health stats"               [_thread_blocked, id=18960, stack(0x000000b156300000,0x000000b156400000) (1024K)]
  0x000001f9a43ef840 JavaThread "Incoming local TCP Connector on port 56993"        [_thread_in_native, id=19892, stack(0x000000b156400000,0x000000b156500000) (1024K)]
  0x000001f9a4755d60 JavaThread "Daemon periodic checks"            [_thread_blocked, id=4648, stack(0x000000b156500000,0x000000b156600000) (1024K)]
  0x000001f9a4801130 JavaThread "Cache worker for journal cache (C:\Users\Tushar\.gradle\caches\journal-1)"        [_thread_blocked, id=18320, stack(0x000000b156d00000,0x000000b156e00000) (1024K)]
  0x000001f9a48017c0 JavaThread "File lock request listener"        [_thread_in_native, id=20528, stack(0x000000b156e00000,0x000000b156f00000) (1024K)]
  0x000001f9a47fe340 JavaThread "Cache worker for file hash cache (C:\Users\Tushar\.gradle\caches\9.6.0\fileHashes)"        [_thread_blocked, id=17412, stack(0x000000b156f00000,0x000000b157000000) (1024K)]
  0x000001f9a53a7c90 JavaThread "File watcher server"        daemon [_thread_blocked, id=6008, stack(0x000000b157300000,0x000000b157400000) (1024K)]
  0x000001f9a53a6f70 JavaThread "File watcher consumer"      daemon [_thread_blocked, id=5228, stack(0x000000b157400000,0x000000b157500000) (1024K)]
  0x000001f9a53a6250 JavaThread "jar transforms"                    [_thread_blocked, id=20332, stack(0x000000b157500000,0x000000b157600000) (1024K)]
  0x000001f9a53a7600 JavaThread "jar transforms Thread 2"           [_thread_blocked, id=4592, stack(0x000000b157600000,0x000000b157700000) (1024K)]
  0x000001f9a53a96d0 JavaThread "jar transforms Thread 3"           [_thread_blocked, id=4772, stack(0x000000b157700000,0x000000b157800000) (1024K)]
  0x000001f9a53a89b0 JavaThread "jar transforms Thread 4"           [_thread_blocked, id=10284, stack(0x000000b157800000,0x000000b157900000) (1024K)]
  0x000001f9a53a9040 JavaThread "jar transforms Thread 5"           [_thread_blocked, id=4268, stack(0x000000b157900000,0x000000b157a00000) (1024K)]
  0x000001f9a53a68e0 JavaThread "jar transforms Thread 6"           [_thread_blocked, id=4768, stack(0x000000b157a00000,0x000000b157b00000) (1024K)]
  0x000001f9a53abe30 JavaThread "Cache worker for file content cache (C:\Users\Tushar\.gradle\caches\9.6.0\fileContent)"        [_thread_blocked, id=5464, stack(0x000000b157b00000,0x000000b157c00000) (1024K)]
  0x000001f9a611e5d0 JavaThread "Cache worker for Kotlin DSL Plugin Entries (C:\Users\Tushar\AndroidStudioProjects\TravelApp\.gradle\9.6.0\kotlin-dsl-plugin-entries)"        [_thread_blocked, id=1276, stack(0x000000b158200000,0x000000b158300000) (1024K)]
  0x000001f9c4faa820 JavaThread "Memory manager"                    [_thread_blocked, id=3080, stack(0x000000b158700000,0x000000b158800000) (1024K)]
  0x000001f9cc7d3e60 JavaThread "pool-4-thread-1"                   [_thread_blocked, id=18832, stack(0x000000b158a00000,0x000000b158b00000) (1024K)]
  0x000001f9b955f060 JavaThread "pool-9-thread-1"                   [_thread_blocked, id=4412, stack(0x000000b158100000,0x000000b158200000) (1024K)]
  0x000001f9c5bbad40 JavaThread "pool-12-thread-1"                  [_thread_blocked, id=20564, stack(0x000000b158600000,0x000000b158700000) (1024K)]
  0x000001f9ba5211b0 JavaThread "pool-15-thread-1"                  [_thread_blocked, id=20096, stack(0x000000b158800000,0x000000b158900000) (1024K)]
  0x000001f9cbb8ca20 JavaThread "pool-18-thread-1"                  [_thread_blocked, id=18028, stack(0x000000b156700000,0x000000b156800000) (1024K)]
  0x000001f9cc7cdbf0 JavaThread "pool-21-thread-1"                  [_thread_blocked, id=9772, stack(0x000000b158900000,0x000000b158a00000) (1024K)]
  0x000001f9cbb8a950 JavaThread "pool-24-thread-1"                  [_thread_blocked, id=9652, stack(0x000000b158d00000,0x000000b158e00000) (1024K)]
  0x000001f9bf2143f0 JavaThread "Daemon Thread 8"                   [_thread_blocked, id=12768, stack(0x000000b154800000,0x000000b154900000) (1024K)]
  0x000001f9a6094a70 JavaThread "Handler for socket connection from /127.0.0.1:56993 to /127.0.0.1:11675"        [_thread_in_native, id=10008, stack(0x000000b154900000,0x000000b154a00000) (1024K)]
  0x000001f9a6092310 JavaThread "Cancel handler"                    [_thread_blocked, id=20624, stack(0x000000b154a00000,0x000000b154b00000) (1024K)]
  0x000001f9a6095100 JavaThread "Daemon worker Thread 7"            [_thread_blocked, id=3684, stack(0x000000b155b00000,0x000000b155c00000) (1024K)]
  0x000001f9a9573890 JavaThread "Asynchronous log dispatcher for DefaultDaemonConnection: socket connection from /127.0.0.1:56993 to /127.0.0.1:11675"        [_thread_blocked, id=16708, stack(0x000000b156600000,0x000000b156700000) (1024K)]
  0x000001f9a9573200 JavaThread "Stdin handler"                     [_thread_blocked, id=6464, stack(0x000000b156800000,0x000000b156900000) (1024K)]
  0x000001f9a9576680 JavaThread "Daemon client event forwarder"        [_thread_blocked, id=6284, stack(0x000000b156900000,0x000000b156a00000) (1024K)]
  0x000001f9c103d2b0 JavaThread "Cache worker for file hash cache (C:\Users\Tushar\AndroidStudioProjects\TravelApp\.gradle\9.6.0\fileHashes)"        [_thread_blocked, id=3632, stack(0x000000b156a00000,0x000000b156b00000) (1024K)]
  0x000001f9c103b1e0 JavaThread "Cache worker for Build Output Cleanup Cache (C:\Users\Tushar\AndroidStudioProjects\TravelApp\.gradle\buildOutputCleanup)"        [_thread_blocked, id=6912, stack(0x000000b156b00000,0x000000b156c00000) (1024K)]
  0x000001f9c103b870 JavaThread "Cache worker for checksums cache (C:\Users\Tushar\AndroidStudioProjects\TravelApp\.gradle\9.6.0\checksums)"        [_thread_blocked, id=17352, stack(0x000000b156c00000,0x000000b156d00000) (1024K)]
  0x000001f9c1039e30 JavaThread "Cache worker for cache directory md-supplier (C:\Users\Tushar\.gradle\caches\9.6.0\md-supplier)"        [_thread_blocked, id=20536, stack(0x000000b157100000,0x000000b157200000) (1024K)]
  0x000001f9c103a4c0 JavaThread "Cache worker for cache directory md-rule (C:\Users\Tushar\.gradle\caches\9.6.0\md-rule)"        [_thread_blocked, id=13864, stack(0x000000b157200000,0x000000b157300000) (1024K)]
  0x000001f9c103c590 JavaThread "Build operations"                  [_thread_blocked, id=20604, stack(0x000000b157c00000,0x000000b157d00000) (1024K)]
  0x000001f9c103cc20 JavaThread "Build operations Thread 2"         [_thread_blocked, id=9208, stack(0x000000b157d00000,0x000000b157e00000) (1024K)]
  0x000001f9c1b44990 JavaThread "Build operations Thread 3"         [_thread_blocked, id=16732, stack(0x000000b157e00000,0x000000b157f00000) (1024K)]
  0x000001f9c1b44300 JavaThread "Build operations Thread 4"         [_thread_blocked, id=20500, stack(0x000000b157f00000,0x000000b158000000) (1024K)]
  0x000001f9c1b45020 JavaThread "Build operations Thread 5"         [_thread_blocked, id=20232, stack(0x000000b158000000,0x000000b158100000) (1024K)]
  0x000001f9c1b43c70 JavaThread "Build operations Thread 6"         [_thread_blocked, id=16796, stack(0x000000b158300000,0x000000b158400000) (1024K)]
  0x000001f9cc7cfcc0 JavaThread "Kotlin DSL Writer"                 [_thread_blocked, id=3108, stack(0x000000b158500000,0x000000b158600000) (1024K)]
  0x000001f9cc7d1700 JavaThread "pool-25-thread-1"                  [_thread_blocked, id=1240, stack(0x000000b158400000,0x000000b158500000) (1024K)]
  0x000001f9ba521840 JavaThread "Problems report writer"            [_thread_blocked, id=13600, stack(0x000000b158c00000,0x000000b158d00000) (1024K)]
  0x000001f9c160eb50 JavaThread "C2 CompilerThread1"         daemon [_thread_blocked, id=20712, stack(0x000000b158b00000,0x000000b158c00000) (1024K)]
Total: 57

Other Threads:
  0x000001f95cc4fc10 VMThread "VM Thread"                           [id=21352, stack(0x000000b155200000,0x000000b155300000) (1024K)]
  0x000001f95d1919e0 WatcherThread "VM Periodic Task Thread"        [id=4820, stack(0x000000b155100000,0x000000b155200000) (1024K)]
=>0x000001f93ceb6110 WorkerThread "GC Thread#0"                     [id=12344, stack(0x000000b154c00000,0x000000b154d00000) (1024K)]
  0x000001f9a32e80b0 WorkerThread "GC Thread#1"                     [id=9636, stack(0x000000b155e00000,0x000000b155f00000) (1024K)]
  0x000001f9a32e8460 WorkerThread "GC Thread#2"                     [id=17384, stack(0x000000b155f00000,0x000000b156000000) (1024K)]
  0x000001f9a32e8810 WorkerThread "GC Thread#3"                     [id=19080, stack(0x000000b156000000,0x000000b156100000) (1024K)]
  0x000001f95d8d9300 WorkerThread "GC Thread#4"                     [id=1948, stack(0x000000b156100000,0x000000b156200000) (1024K)]
  0x000001f95d8d96b0 WorkerThread "GC Thread#5"                     [id=8172, stack(0x000000b156200000,0x000000b156300000) (1024K)]
  0x000001f93cec9640 ConcurrentGCThread "G1 Main Marker"            [id=11540, stack(0x000000b154d00000,0x000000b154e00000) (1024K)]
  0x000001f93ceca060 WorkerThread "G1 Conc#0"                       [id=12280, stack(0x000000b154e00000,0x000000b154f00000) (1024K)]
  0x000001f9a47b6f00 WorkerThread "G1 Conc#1"                       [id=9792, stack(0x000000b157000000,0x000000b157100000) (1024K)]
  0x000001f95cb8efb0 ConcurrentGCThread "G1 Refine#0"               [id=10552, stack(0x000000b154f00000,0x000000b155000000) (1024K)]
  0x000001f95cb907f0 ConcurrentGCThread "G1 Service"                [id=10584, stack(0x000000b155000000,0x000000b155100000) (1024K)]
Total: 13

Threads with active compile tasks:
C2 CompilerThread1  6008865 73820       4       org.jetbrains.kotlin.fir.deserialization.ClassDeserializationKt::deserializeClassToSymbol (3262 bytes)
Total: 1

VM state: at safepoint (normal execution)

VM Mutex/Monitor currently owned by a thread:  ([mutex/lock_event])
[0x00007ffb8dd54e90] Threads_lock - owner thread: 0x000001f95cc4fc10
[0x00007ffb8dd54f90] Heap_lock - owner thread: 0x000001f9a6095100

Heap address: 0x0000000700000000, size: 4096 MB, Compressed Oops mode: Zero based, Oop shift amount: 3

CDS archive(s) mapped at: [0x000001f95e000000-0x000001f95ece0000-0x000001f95ece0000), size 13500416, SharedBaseAddress: 0x000001f95e000000, ArchiveRelocationMode: 1.
Compressed class space mapped at: 0x000001f95f000000-0x000001f99f000000, reserved size: 1073741824
Narrow klass base: 0x000001f95e000000, Narrow klass shift: 0, Narrow klass range: 0x100000000

GC Precious Log:
 CardTable entry size: 512
 Card Set container configuration: InlinePtr #cards 4 size 8 Array Of Cards #cards 16 size 48 Howl #buckets 8 coarsen threshold 3686 Howl Bitmap #cards 512 size 80 coarsen threshold 460 Card regions per heap region 1 cards per card region 4096
 CPUs: 6 total, 6 available
 Memory: 24520M
 Large Page Support: Disabled
 NUMA Support: Disabled
 Compressed Oops: Enabled (Zero based)
 Heap Region Size: 2M
 Heap Min Capacity: 8M
 Heap Initial Capacity: 384M
 Heap Max Capacity: 4G
 Pre-touch: Disabled
 Parallel Workers: 6
 Concurrent Workers: 2
 Concurrent Refinement Workers: 6
 Periodic GC: Disabled

Heap:
 garbage-first heap   total 1069056K, used 947200K [0x0000000700000000, 0x0000000800000000)
  region size 2048K, 284 young (581632K), 32 survivors (65536K)
 Metaspace       used 325072K, committed 327104K, reserved 1376256K
  class space    used 39146K, committed 40128K, reserved 1048576K

Heap Regions: E=young(eden), S=young(survivor), O=old, HS=humongous(starts), HC=humongous(continues), CS=collection set, F=free, TAMS=top-at-mark-start, PB=parsable bottom
|   0|0x0000000700000000, 0x0000000700200000, 0x0000000700200000|100%|HS|  |TAMS 0x0000000700000000| PB 0x0000000700000000| Complete 
|   1|0x0000000700200000, 0x0000000700400000, 0x0000000700400000|100%|HC|  |TAMS 0x0000000700200000| PB 0x0000000700200000| Complete 
|   2|0x0000000700400000, 0x0000000700600000, 0x0000000700600000|100%| O|  |TAMS 0x0000000700400000| PB 0x0000000700400000| Untracked 
|   3|0x0000000700600000, 0x0000000700800000, 0x0000000700800000|100%| O|  |TAMS 0x0000000700600000| PB 0x0000000700600000| Untracked 
|   4|0x0000000700800000, 0x0000000700a00000, 0x0000000700a00000|100%| O|  |TAMS 0x0000000700800000| PB 0x0000000700800000| Untracked 
|   5|0x0000000700a00000, 0x0000000700c00000, 0x0000000700c00000|100%| O|  |TAMS 0x0000000700a00000| PB 0x0000000700a00000| Untracked 
|   6|0x0000000700c00000, 0x0000000700e00000, 0x0000000700e00000|100%|HS|  |TAMS 0x0000000700c00000| PB 0x0000000700c00000| Complete 
|   7|0x0000000700e00000, 0x0000000701000000, 0x0000000701000000|100%|HC|  |TAMS 0x0000000700e00000| PB 0x0000000700e00000| Complete 
|   8|0x0000000701000000, 0x0000000701200000, 0x0000000701200000|100%|HC|  |TAMS 0x0000000701000000| PB 0x0000000701000000| Complete 
|   9|0x0000000701200000, 0x0000000701400000, 0x0000000701400000|100%|HS|  |TAMS 0x0000000701200000| PB 0x0000000701200000| Complete 
|  10|0x0000000701400000, 0x0000000701600000, 0x0000000701600000|100%|HC|  |TAMS 0x0000000701400000| PB 0x0000000701400000| Complete 
|  11|0x0000000701600000, 0x0000000701800000, 0x0000000701800000|100%|HC|  |TAMS 0x0000000701600000| PB 0x0000000701600000| Complete 
|  12|0x0000000701800000, 0x0000000701a00000, 0x0000000701a00000|100%| O|  |TAMS 0x0000000701800000| PB 0x0000000701800000| Untracked 
|  13|0x0000000701a00000, 0x0000000701c00000, 0x0000000701c00000|100%| O|  |TAMS 0x0000000701a00000| PB 0x0000000701a00000| Untracked 
|  14|0x0000000701c00000, 0x0000000701e00000, 0x0000000701e00000|100%| O|  |TAMS 0x0000000701c00000| PB 0x0000000701c00000| Untracked 
|  15|0x0000000701e00000, 0x0000000702000000, 0x0000000702000000|100%| O|  |TAMS 0x0000000701e00000| PB 0x0000000701e00000| Untracked 
|  16|0x0000000702000000, 0x0000000702200000, 0x0000000702200000|100%| O|  |TAMS 0x0000000702000000| PB 0x0000000702000000| Untracked 
|  17|0x0000000702200000, 0x0000000702400000, 0x0000000702400000|100%| O|  |TAMS 0x0000000702200000| PB 0x0000000702200000| Untracked 
|  18|0x0000000702400000, 0x0000000702600000, 0x0000000702600000|100%| O|  |TAMS 0x0000000702400000| PB 0x0000000702400000| Untracked 
|  19|0x0000000702600000, 0x0000000702800000, 0x0000000702800000|100%| O|  |TAMS 0x0000000702600000| PB 0x0000000702600000| Untracked 
|  20|0x0000000702800000, 0x0000000702a00000, 0x0000000702a00000|100%| O|  |TAMS 0x0000000702800000| PB 0x0000000702800000| Untracked 
|  21|0x0000000702a00000, 0x0000000702c00000, 0x0000000702c00000|100%| O|  |TAMS 0x0000000702a00000| PB 0x0000000702a00000| Untracked 
|  22|0x0000000702c00000, 0x0000000702e00000, 0x0000000702e00000|100%| O|  |TAMS 0x0000000702c00000| PB 0x0000000702c00000| Untracked 
|  23|0x0000000702e00000, 0x0000000703000000, 0x0000000703000000|100%| O|  |TAMS 0x0000000702e00000| PB 0x0000000702e00000| Untracked 
|  24|0x0000000703000000, 0x0000000703200000, 0x0000000703200000|100%| O|  |TAMS 0x0000000703000000| PB 0x0000000703000000| Untracked 
|  25|0x0000000703200000, 0x0000000703400000, 0x0000000703400000|100%| O|  |TAMS 0x0000000703200000| PB 0x0000000703200000| Untracked 
|  26|0x0000000703400000, 0x0000000703600000, 0x0000000703600000|100%| O|  |TAMS 0x0000000703400000| PB 0x0000000703400000| Untracked 
|  27|0x0000000703600000, 0x0000000703800000, 0x0000000703800000|100%| O|  |TAMS 0x0000000703600000| PB 0x0000000703600000| Untracked 
|  28|0x0000000703800000, 0x0000000703a00000, 0x0000000703a00000|100%| O|  |TAMS 0x0000000703800000| PB 0x0000000703800000| Untracked 
|  29|0x0000000703a00000, 0x0000000703c00000, 0x0000000703c00000|100%| O|  |TAMS 0x0000000703a00000| PB 0x0000000703a00000| Untracked 
|  30|0x0000000703c00000, 0x0000000703e00000, 0x0000000703e00000|100%| O|  |TAMS 0x0000000703c00000| PB 0x0000000703c00000| Untracked 
|  31|0x0000000703e00000, 0x0000000704000000, 0x0000000704000000|100%| O|  |TAMS 0x0000000703e00000| PB 0x0000000703e00000| Untracked 
|  32|0x0000000704000000, 0x0000000704200000, 0x0000000704200000|100%| O|  |TAMS 0x0000000704000000| PB 0x0000000704000000| Untracked 
|  33|0x0000000704200000, 0x0000000704400000, 0x0000000704400000|100%| O|  |TAMS 0x0000000704200000| PB 0x0000000704200000| Untracked 
|  34|0x0000000704400000, 0x0000000704600000, 0x0000000704600000|100%| O|  |TAMS 0x0000000704400000| PB 0x0000000704400000| Untracked 
|  35|0x0000000704600000, 0x0000000704800000, 0x0000000704800000|100%| O|  |TAMS 0x0000000704600000| PB 0x0000000704600000| Untracked 
|  36|0x0000000704800000, 0x0000000704a00000, 0x0000000704a00000|100%| O|CS|TAMS 0x0000000704800000| PB 0x0000000704800000| Complete 
|  37|0x0000000704a00000, 0x0000000704c00000, 0x0000000704c00000|100%| O|  |TAMS 0x0000000704a00000| PB 0x0000000704a00000| Untracked 
|  38|0x0000000704c00000, 0x0000000704e00000, 0x0000000704e00000|100%| O|  |TAMS 0x0000000704c00000| PB 0x0000000704c00000| Untracked 
|  39|0x0000000704e00000, 0x0000000705000000, 0x0000000705000000|100%| O|  |TAMS 0x0000000704e00000| PB 0x0000000704e00000| Untracked 
|  40|0x0000000705000000, 0x0000000705200000, 0x0000000705200000|100%| O|  |TAMS 0x0000000705000000| PB 0x0000000705000000| Untracked 
|  41|0x0000000705200000, 0x0000000705400000, 0x0000000705400000|100%| O|  |TAMS 0x0000000705200000| PB 0x0000000705200000| Untracked 
|  42|0x0000000705400000, 0x0000000705600000, 0x0000000705600000|100%| O|  |TAMS 0x0000000705400000| PB 0x0000000705400000| Untracked 
|  43|0x0000000705600000, 0x0000000705800000, 0x0000000705800000|100%| O|  |TAMS 0x0000000705600000| PB 0x0000000705600000| Untracked 
|  44|0x0000000705800000, 0x0000000705a00000, 0x0000000705a00000|100%| O|  |TAMS 0x0000000705800000| PB 0x0000000705800000| Untracked 
|  45|0x0000000705a00000, 0x0000000705c00000, 0x0000000705c00000|100%|HS|  |TAMS 0x0000000705a00000| PB 0x0000000705a00000| Complete 
|  46|0x0000000705c00000, 0x0000000705e00000, 0x0000000705e00000|100%| O|  |TAMS 0x0000000705c00000| PB 0x0000000705c00000| Untracked 
|  47|0x0000000705e00000, 0x0000000706000000, 0x0000000706000000|100%| O|  |TAMS 0x0000000705e00000| PB 0x0000000705e00000| Untracked 
|  48|0x0000000706000000, 0x0000000706200000, 0x0000000706200000|100%| O|  |TAMS 0x0000000706000000| PB 0x0000000706000000| Untracked 
|  49|0x0000000706200000, 0x0000000706400000, 0x0000000706400000|100%| O|  |TAMS 0x0000000706200000| PB 0x0000000706200000| Untracked 
|  50|0x0000000706400000, 0x0000000706600000, 0x0000000706600000|100%| O|  |TAMS 0x0000000706400000| PB 0x0000000706400000| Untracked 
|  51|0x0000000706600000, 0x0000000706800000, 0x0000000706800000|100%| O|  |TAMS 0x0000000706600000| PB 0x0000000706600000| Untracked 
|  52|0x0000000706800000, 0x0000000706a00000, 0x0000000706a00000|100%| O|  |TAMS 0x0000000706800000| PB 0x0000000706800000| Untracked 
|  53|0x0000000706a00000, 0x0000000706c00000, 0x0000000706c00000|100%| O|  |TAMS 0x0000000706a00000| PB 0x0000000706a00000| Untracked 
|  54|0x0000000706c00000, 0x0000000706e00000, 0x0000000706e00000|100%| O|  |TAMS 0x0000000706c00000| PB 0x0000000706c00000| Untracked 
|  55|0x0000000706e00000, 0x0000000707000000, 0x0000000707000000|100%| O|  |TAMS 0x0000000706e00000| PB 0x0000000706e00000| Untracked 
|  56|0x0000000707000000, 0x0000000707200000, 0x0000000707200000|100%| O|  |TAMS 0x0000000707000000| PB 0x0000000707000000| Untracked 
|  57|0x0000000707200000, 0x0000000707300000, 0x0000000707400000| 50%| O|  |TAMS 0x0000000707200000| PB 0x0000000707200000| Untracked 
|  58|0x0000000707400000, 0x0000000707600000, 0x0000000707600000|100%| O|  |TAMS 0x0000000707400000| PB 0x0000000707400000| Untracked 
|  59|0x0000000707600000, 0x0000000707800000, 0x0000000707800000|100%| O|CS|TAMS 0x0000000707600000| PB 0x0000000707600000| Complete 
|  60|0x0000000707800000, 0x0000000707a00000, 0x0000000707a00000|100%| O|  |TAMS 0x0000000707800000| PB 0x0000000707800000| Untracked 
|  61|0x0000000707a00000, 0x0000000707a00000, 0x0000000707c00000|  0%| F|  |TAMS 0x0000000707a00000| PB 0x0000000707a00000| Untracked 
|  62|0x0000000707c00000, 0x0000000707e00000, 0x0000000707e00000|100%| O|  |TAMS 0x0000000707c00000| PB 0x0000000707c00000| Untracked 
|  63|0x0000000707e00000, 0x0000000707e00000, 0x0000000708000000|  0%| F|  |TAMS 0x0000000707e00000| PB 0x0000000707e00000| Untracked 
|  64|0x0000000708000000, 0x0000000708200000, 0x0000000708200000|100%| O|  |TAMS 0x0000000708000000| PB 0x0000000708000000| Untracked 
|  65|0x0000000708200000, 0x0000000708400000, 0x0000000708400000|100%| O|  |TAMS 0x0000000708200000| PB 0x0000000708200000| Untracked 
|  66|0x0000000708400000, 0x0000000708600000, 0x0000000708600000|100%| O|  |TAMS 0x0000000708400000| PB 0x0000000708400000| Untracked 
|  67|0x0000000708600000, 0x0000000708800000, 0x0000000708800000|100%| O|  |TAMS 0x0000000708600000| PB 0x0000000708600000| Untracked 
|  68|0x0000000708800000, 0x0000000708a00000, 0x0000000708a00000|100%| O|  |TAMS 0x0000000708800000| PB 0x0000000708800000| Untracked 
|  69|0x0000000708a00000, 0x0000000708c00000, 0x0000000708c00000|100%| O|  |TAMS 0x0000000708a00000| PB 0x0000000708a00000| Untracked 
|  70|0x0000000708c00000, 0x0000000708e00000, 0x0000000708e00000|100%| O|  |TAMS 0x0000000708c00000| PB 0x0000000708c00000| Untracked 
|  71|0x0000000708e00000, 0x0000000708e00000, 0x0000000709000000|  0%| F|  |TAMS 0x0000000708e00000| PB 0x0000000708e00000| Untracked 
|  72|0x0000000709000000, 0x0000000709200000, 0x0000000709200000|100%| O|  |TAMS 0x0000000709000000| PB 0x0000000709000000| Untracked 
|  73|0x0000000709200000, 0x0000000709200000, 0x0000000709400000|  0%| F|  |TAMS 0x0000000709200000| PB 0x0000000709200000| Untracked 
|  74|0x0000000709400000, 0x0000000709600000, 0x0000000709600000|100%| O|  |TAMS 0x0000000709400000| PB 0x0000000709400000| Untracked 
|  75|0x0000000709600000, 0x0000000709800000, 0x0000000709800000|100%| O|  |TAMS 0x0000000709600000| PB 0x0000000709600000| Untracked 
|  76|0x0000000709800000, 0x0000000709a00000, 0x0000000709a00000|100%| O|  |TAMS 0x0000000709800000| PB 0x0000000709800000| Untracked 
|  77|0x0000000709a00000, 0x0000000709c00000, 0x0000000709c00000|100%|HS|  |TAMS 0x0000000709a00000| PB 0x0000000709a00000| Complete 
|  78|0x0000000709c00000, 0x0000000709e00000, 0x0000000709e00000|100%|HC|  |TAMS 0x0000000709c00000| PB 0x0000000709c00000| Complete 
|  79|0x0000000709e00000, 0x000000070a000000, 0x000000070a000000|100%| O|  |TAMS 0x0000000709e00000| PB 0x0000000709e00000| Untracked 
|  80|0x000000070a000000, 0x000000070a200000, 0x000000070a200000|100%| O|  |TAMS 0x000000070a000000| PB 0x000000070a000000| Untracked 
|  81|0x000000070a200000, 0x000000070a400000, 0x000000070a400000|100%| O|  |TAMS 0x000000070a200000| PB 0x000000070a200000| Untracked 
|  82|0x000000070a400000, 0x000000070a600000, 0x000000070a600000|100%| O|  |TAMS 0x000000070a400000| PB 0x000000070a400000| Untracked 
|  83|0x000000070a600000, 0x000000070a800000, 0x000000070a800000|100%|HS|  |TAMS 0x000000070a600000| PB 0x000000070a600000| Complete 
|  84|0x000000070a800000, 0x000000070aa00000, 0x000000070aa00000|100%|HC|  |TAMS 0x000000070a800000| PB 0x000000070a800000| Complete 
|  85|0x000000070aa00000, 0x000000070ac00000, 0x000000070ac00000|100%|HC|  |TAMS 0x000000070aa00000| PB 0x000000070aa00000| Complete 
|  86|0x000000070ac00000, 0x000000070ae00000, 0x000000070ae00000|100%|HC|  |TAMS 0x000000070ac00000| PB 0x000000070ac00000| Complete 
|  87|0x000000070ae00000, 0x000000070b000000, 0x000000070b000000|100%| O|  |TAMS 0x000000070ae00000| PB 0x000000070ae00000| Untracked 
|  88|0x000000070b000000, 0x000000070b200000, 0x000000070b200000|100%| O|  |TAMS 0x000000070b000000| PB 0x000000070b000000| Untracked 
|  89|0x000000070b200000, 0x000000070b400000, 0x000000070b400000|100%| O|  |TAMS 0x000000070b200000| PB 0x000000070b200000| Untracked 
|  90|0x000000070b400000, 0x000000070b600000, 0x000000070b600000|100%| O|  |TAMS 0x000000070b400000| PB 0x000000070b400000| Untracked 
|  91|0x000000070b600000, 0x000000070b800000, 0x000000070b800000|100%| O|  |TAMS 0x000000070b600000| PB 0x000000070b600000| Untracked 
|  92|0x000000070b800000, 0x000000070ba00000, 0x000000070ba00000|100%| O|  |TAMS 0x000000070b800000| PB 0x000000070b800000| Untracked 
|  93|0x000000070ba00000, 0x000000070bc00000, 0x000000070bc00000|100%| O|  |TAMS 0x000000070ba00000| PB 0x000000070ba00000| Untracked 
|  94|0x000000070bc00000, 0x000000070be00000, 0x000000070be00000|100%| O|  |TAMS 0x000000070bc00000| PB 0x000000070bc00000| Untracked 
|  95|0x000000070be00000, 0x000000070c000000, 0x000000070c000000|100%| O|  |TAMS 0x000000070be00000| PB 0x000000070be00000| Untracked 
|  96|0x000000070c000000, 0x000000070c000000, 0x000000070c200000|  0%| F|  |TAMS 0x000000070c000000| PB 0x000000070c000000| Untracked 
|  97|0x000000070c200000, 0x000000070c400000, 0x000000070c400000|100%| O|  |TAMS 0x000000070c200000| PB 0x000000070c200000| Untracked 
|  98|0x000000070c400000, 0x000000070c600000, 0x000000070c600000|100%| O|  |TAMS 0x000000070c400000| PB 0x000000070c400000| Untracked 
|  99|0x000000070c600000, 0x000000070c800000, 0x000000070c800000|100%| O|  |TAMS 0x000000070c600000| PB 0x000000070c600000| Untracked 
| 100|0x000000070c800000, 0x000000070c800000, 0x000000070ca00000|  0%| F|  |TAMS 0x000000070c800000| PB 0x000000070c800000| Untracked 
| 101|0x000000070ca00000, 0x000000070cc00000, 0x000000070cc00000|100%| O|  |TAMS 0x000000070ca00000| PB 0x000000070ca00000| Untracked 
| 102|0x000000070cc00000, 0x000000070ce00000, 0x000000070ce00000|100%| O|  |TAMS 0x000000070cc00000| PB 0x000000070cc00000| Untracked 
| 103|0x000000070ce00000, 0x000000070ce00000, 0x000000070d000000|  0%| F|  |TAMS 0x000000070ce00000| PB 0x000000070ce00000| Untracked 
| 104|0x000000070d000000, 0x000000070d200000, 0x000000070d200000|100%| O|  |TAMS 0x000000070d000000| PB 0x000000070d000000| Untracked 
| 105|0x000000070d200000, 0x000000070d400000, 0x000000070d400000|100%| O|  |TAMS 0x000000070d200000| PB 0x000000070d200000| Untracked 
| 106|0x000000070d400000, 0x000000070d600000, 0x000000070d600000|100%| O|  |TAMS 0x000000070d400000| PB 0x000000070d400000| Untracked 
| 107|0x000000070d600000, 0x000000070d800000, 0x000000070d800000|100%| O|  |TAMS 0x000000070d600000| PB 0x000000070d600000| Untracked 
| 108|0x000000070d800000, 0x000000070da00000, 0x000000070da00000|100%| O|  |TAMS 0x000000070d800000| PB 0x000000070d800000| Untracked 
| 109|0x000000070da00000, 0x000000070dc00000, 0x000000070dc00000|100%| O|CS|TAMS 0x000000070da00000| PB 0x000000070da00000| Complete 
| 110|0x000000070dc00000, 0x000000070de00000, 0x000000070de00000|100%| O|  |TAMS 0x000000070dc00000| PB 0x000000070dc00000| Untracked 
| 111|0x000000070de00000, 0x000000070e000000, 0x000000070e000000|100%| O|  |TAMS 0x000000070de00000| PB 0x000000070de00000| Untracked 
| 112|0x000000070e000000, 0x000000070e200000, 0x000000070e200000|100%| O|  |TAMS 0x000000070e000000| PB 0x000000070e000000| Untracked 
| 113|0x000000070e200000, 0x000000070e200000, 0x000000070e400000|  0%| F|  |TAMS 0x000000070e200000| PB 0x000000070e200000| Untracked 
| 114|0x000000070e400000, 0x000000070e600000, 0x000000070e600000|100%| O|  |TAMS 0x000000070e400000| PB 0x000000070e400000| Untracked 
| 115|0x000000070e600000, 0x000000070e800000, 0x000000070e800000|100%| O|  |TAMS 0x000000070e600000| PB 0x000000070e600000| Untracked 
| 116|0x000000070e800000, 0x000000070ea00000, 0x000000070ea00000|100%| O|  |TAMS 0x000000070e800000| PB 0x000000070e800000| Untracked 
| 117|0x000000070ea00000, 0x000000070ec00000, 0x000000070ec00000|100%| O|  |TAMS 0x000000070ea00000| PB 0x000000070ea00000| Untracked 
| 118|0x000000070ec00000, 0x000000070ec00000, 0x000000070ee00000|  0%| F|  |TAMS 0x000000070ec00000| PB 0x000000070ec00000| Untracked 
| 119|0x000000070ee00000, 0x000000070f000000, 0x000000070f000000|100%| O|  |TAMS 0x000000070ee00000| PB 0x000000070ee00000| Untracked 
| 120|0x000000070f000000, 0x000000070f200000, 0x000000070f200000|100%| O|  |TAMS 0x000000070f000000| PB 0x000000070f000000| Untracked 
| 121|0x000000070f200000, 0x000000070f200000, 0x000000070f400000|  0%| F|  |TAMS 0x000000070f200000| PB 0x000000070f200000| Untracked 
| 122|0x000000070f400000, 0x000000070f400000, 0x000000070f600000|  0%| F|  |TAMS 0x000000070f400000| PB 0x000000070f400000| Untracked 
| 123|0x000000070f600000, 0x000000070f600000, 0x000000070f800000|  0%| F|  |TAMS 0x000000070f600000| PB 0x000000070f600000| Untracked 
| 124|0x000000070f800000, 0x000000070fa00000, 0x000000070fa00000|100%| O|  |TAMS 0x000000070f800000| PB 0x000000070f800000| Untracked 
| 125|0x000000070fa00000, 0x000000070fc00000, 0x000000070fc00000|100%| O|  |TAMS 0x000000070fa00000| PB 0x000000070fa00000| Untracked 
| 126|0x000000070fc00000, 0x000000070fe00000, 0x000000070fe00000|100%| O|  |TAMS 0x000000070fc00000| PB 0x000000070fc00000| Untracked 
| 127|0x000000070fe00000, 0x0000000710000000, 0x0000000710000000|100%| O|  |TAMS 0x000000070fe00000| PB 0x000000070fe00000| Untracked 
| 128|0x0000000710000000, 0x0000000710000000, 0x0000000710200000|  0%| F|  |TAMS 0x0000000710000000| PB 0x0000000710000000| Untracked 
| 129|0x0000000710200000, 0x0000000710200000, 0x0000000710400000|  0%| F|  |TAMS 0x0000000710200000| PB 0x0000000710200000| Untracked 
| 130|0x0000000710400000, 0x0000000710400000, 0x0000000710600000|  0%| F|  |TAMS 0x0000000710400000| PB 0x0000000710400000| Untracked 
| 131|0x0000000710600000, 0x0000000710800000, 0x0000000710800000|100%| O|  |TAMS 0x0000000710600000| PB 0x0000000710600000| Untracked 
| 132|0x0000000710800000, 0x0000000710800000, 0x0000000710a00000|  0%| F|  |TAMS 0x0000000710800000| PB 0x0000000710800000| Untracked 
| 133|0x0000000710a00000, 0x0000000710c00000, 0x0000000710c00000|100%| O|  |TAMS 0x0000000710a00000| PB 0x0000000710a00000| Untracked 
| 134|0x0000000710c00000, 0x0000000710e00000, 0x0000000710e00000|100%| O|  |TAMS 0x0000000710c00000| PB 0x0000000710c00000| Untracked 
| 135|0x0000000710e00000, 0x0000000711000000, 0x0000000711000000|100%| O|  |TAMS 0x0000000710e00000| PB 0x0000000710e00000| Untracked 
| 136|0x0000000711000000, 0x0000000711200000, 0x0000000711200000|100%| O|  |TAMS 0x0000000711000000| PB 0x0000000711000000| Untracked 
| 137|0x0000000711200000, 0x0000000711400000, 0x0000000711400000|100%| O|  |TAMS 0x0000000711200000| PB 0x0000000711200000| Untracked 
| 138|0x0000000711400000, 0x0000000711600000, 0x0000000711600000|100%| O|  |TAMS 0x0000000711400000| PB 0x0000000711400000| Untracked 
| 139|0x0000000711600000, 0x0000000711600000, 0x0000000711800000|  0%| F|  |TAMS 0x0000000711600000| PB 0x0000000711600000| Untracked 
| 140|0x0000000711800000, 0x0000000711a00000, 0x0000000711a00000|100%| O|  |TAMS 0x0000000711800000| PB 0x0000000711800000| Untracked 
| 141|0x0000000711a00000, 0x0000000711c00000, 0x0000000711c00000|100%| O|  |TAMS 0x0000000711a00000| PB 0x0000000711a00000| Untracked 
| 142|0x0000000711c00000, 0x0000000711c00000, 0x0000000711e00000|  0%| F|  |TAMS 0x0000000711c00000| PB 0x0000000711c00000| Untracked 
| 143|0x0000000711e00000, 0x0000000712000000, 0x0000000712000000|100%| O|  |TAMS 0x0000000711e00000| PB 0x0000000711e00000| Untracked 
| 144|0x0000000712000000, 0x0000000712200000, 0x0000000712200000|100%| O|  |TAMS 0x0000000712000000| PB 0x0000000712000000| Untracked 
| 145|0x0000000712200000, 0x0000000712400000, 0x0000000712400000|100%| O|  |TAMS 0x0000000712200000| PB 0x0000000712200000| Untracked 
| 146|0x0000000712400000, 0x0000000712400000, 0x0000000712600000|  0%| F|  |TAMS 0x0000000712400000| PB 0x0000000712400000| Untracked 
| 147|0x0000000712600000, 0x0000000712600000, 0x0000000712800000|  0%| F|  |TAMS 0x0000000712600000| PB 0x0000000712600000| Untracked 
| 148|0x0000000712800000, 0x0000000712a00000, 0x0000000712a00000|100%| O|  |TAMS 0x0000000712800000| PB 0x0000000712800000| Untracked 
| 149|0x0000000712a00000, 0x0000000712a00000, 0x0000000712c00000|  0%| F|  |TAMS 0x0000000712a00000| PB 0x0000000712a00000| Untracked 
| 150|0x0000000712c00000, 0x0000000712c00000, 0x0000000712e00000|  0%| F|  |TAMS 0x0000000712c00000| PB 0x0000000712c00000| Untracked 
| 151|0x0000000712e00000, 0x0000000713000000, 0x0000000713000000|100%| O|  |TAMS 0x0000000712e00000| PB 0x0000000712e00000| Untracked 
| 152|0x0000000713000000, 0x0000000713000000, 0x0000000713200000|  0%| F|  |TAMS 0x0000000713000000| PB 0x0000000713000000| Untracked 
| 153|0x0000000713200000, 0x0000000713400000, 0x0000000713400000|100%| O|  |TAMS 0x0000000713200000| PB 0x0000000713200000| Untracked 
| 154|0x0000000713400000, 0x0000000713600000, 0x0000000713600000|100%| O|  |TAMS 0x0000000713400000| PB 0x0000000713400000| Untracked 
| 155|0x0000000713600000, 0x0000000713700000, 0x0000000713800000| 50%| S|  |TAMS 0x0000000713600000| PB 0x0000000713600000| Complete 
| 156|0x0000000713800000, 0x0000000713a00000, 0x0000000713a00000|100%| S|  |TAMS 0x0000000713800000| PB 0x0000000713800000| Complete 
| 157|0x0000000713a00000, 0x0000000713c00000, 0x0000000713c00000|100%| S|  |TAMS 0x0000000713a00000| PB 0x0000000713a00000| Complete 
| 158|0x0000000713c00000, 0x0000000713e00000, 0x0000000713e00000|100%| S|  |TAMS 0x0000000713c00000| PB 0x0000000713c00000| Complete 
| 159|0x0000000713e00000, 0x0000000714000000, 0x0000000714000000|100%| O|  |TAMS 0x0000000713e00000| PB 0x0000000713e00000| Untracked 
| 160|0x0000000714000000, 0x0000000714200000, 0x0000000714200000|100%| S|  |TAMS 0x0000000714000000| PB 0x0000000714000000| Complete 
| 161|0x0000000714200000, 0x0000000714400000, 0x0000000714400000|100%| S|  |TAMS 0x0000000714200000| PB 0x0000000714200000| Complete 
| 162|0x0000000714400000, 0x0000000714600000, 0x0000000714600000|100%| S|  |TAMS 0x0000000714400000| PB 0x0000000714400000| Complete 
| 163|0x0000000714600000, 0x0000000714800000, 0x0000000714800000|100%| S|  |TAMS 0x0000000714600000| PB 0x0000000714600000| Complete 
| 164|0x0000000714800000, 0x0000000714a00000, 0x0000000714a00000|100%| S|  |TAMS 0x0000000714800000| PB 0x0000000714800000| Complete 
| 165|0x0000000714a00000, 0x0000000714c00000, 0x0000000714c00000|100%| O|  |TAMS 0x0000000714a00000| PB 0x0000000714a00000| Untracked 
| 166|0x0000000714c00000, 0x0000000714e00000, 0x0000000714e00000|100%| O|  |TAMS 0x0000000714c00000| PB 0x0000000714c00000| Untracked 
| 167|0x0000000714e00000, 0x0000000715000000, 0x0000000715000000|100%| O|  |TAMS 0x0000000714e00000| PB 0x0000000714e00000| Untracked 
| 168|0x0000000715000000, 0x0000000715200000, 0x0000000715200000|100%| O|  |TAMS 0x0000000715000000| PB 0x0000000715000000| Untracked 
| 169|0x0000000715200000, 0x0000000715400000, 0x0000000715400000|100%| S|  |TAMS 0x0000000715200000| PB 0x0000000715200000| Complete 
| 170|0x0000000715400000, 0x0000000715600000, 0x0000000715600000|100%| S|  |TAMS 0x0000000715400000| PB 0x0000000715400000| Complete 
| 171|0x0000000715600000, 0x0000000715800000, 0x0000000715800000|100%| S|  |TAMS 0x0000000715600000| PB 0x0000000715600000| Complete 
| 172|0x0000000715800000, 0x0000000715a00000, 0x0000000715a00000|100%| S|  |TAMS 0x0000000715800000| PB 0x0000000715800000| Complete 
| 173|0x0000000715a00000, 0x0000000715c00000, 0x0000000715c00000|100%| S|  |TAMS 0x0000000715a00000| PB 0x0000000715a00000| Complete 
| 174|0x0000000715c00000, 0x0000000715e00000, 0x0000000715e00000|100%| S|  |TAMS 0x0000000715c00000| PB 0x0000000715c00000| Complete 
| 175|0x0000000715e00000, 0x0000000716000000, 0x0000000716000000|100%| S|  |TAMS 0x0000000715e00000| PB 0x0000000715e00000| Complete 
| 176|0x0000000716000000, 0x0000000716200000, 0x0000000716200000|100%| S|  |TAMS 0x0000000716000000| PB 0x0000000716000000| Complete 
| 177|0x0000000716200000, 0x0000000716400000, 0x0000000716400000|100%| O|  |TAMS 0x0000000716200000| PB 0x0000000716200000| Untracked 
| 178|0x0000000716400000, 0x0000000716600000, 0x0000000716600000|100%| O|  |TAMS 0x0000000716400000| PB 0x0000000716400000| Untracked 
| 179|0x0000000716600000, 0x0000000716800000, 0x0000000716800000|100%| S|  |TAMS 0x0000000716600000| PB 0x0000000716600000| Complete 
| 180|0x0000000716800000, 0x0000000716a00000, 0x0000000716a00000|100%| S|  |TAMS 0x0000000716800000| PB 0x0000000716800000| Complete 
| 181|0x0000000716a00000, 0x0000000716c00000, 0x0000000716c00000|100%| S|  |TAMS 0x0000000716a00000| PB 0x0000000716a00000| Complete 
| 182|0x0000000716c00000, 0x0000000716e00000, 0x0000000716e00000|100%| O|  |TAMS 0x0000000716c00000| PB 0x0000000716c00000| Untracked 
| 183|0x0000000716e00000, 0x0000000717000000, 0x0000000717000000|100%| S|  |TAMS 0x0000000716e00000| PB 0x0000000716e00000| Complete 
| 184|0x0000000717000000, 0x0000000717200000, 0x0000000717200000|100%| S|  |TAMS 0x0000000717000000| PB 0x0000000717000000| Complete 
| 185|0x0000000717200000, 0x0000000717400000, 0x0000000717400000|100%| S|  |TAMS 0x0000000717200000| PB 0x0000000717200000| Complete 
| 186|0x0000000717400000, 0x0000000717600000, 0x0000000717600000|100%| S|  |TAMS 0x0000000717400000| PB 0x0000000717400000| Complete 
| 187|0x0000000717600000, 0x0000000717800000, 0x0000000717800000|100%| O|  |TAMS 0x0000000717600000| PB 0x0000000717600000| Untracked 
| 188|0x0000000717800000, 0x0000000717a00000, 0x0000000717a00000|100%| O|  |TAMS 0x0000000717800000| PB 0x0000000717800000| Untracked 
| 189|0x0000000717a00000, 0x0000000717c00000, 0x0000000717c00000|100%| S|  |TAMS 0x0000000717a00000| PB 0x0000000717a00000| Complete 
| 190|0x0000000717c00000, 0x0000000717e00000, 0x0000000717e00000|100%| S|  |TAMS 0x0000000717c00000| PB 0x0000000717c00000| Complete 
| 191|0x0000000717e00000, 0x0000000718000000, 0x0000000718000000|100%| O|  |TAMS 0x0000000717e00000| PB 0x0000000717e00000| Untracked 
| 192|0x0000000718000000, 0x0000000718200000, 0x0000000718200000|100%| S|  |TAMS 0x0000000718000000| PB 0x0000000718000000| Complete 
| 193|0x0000000718200000, 0x0000000718400000, 0x0000000718400000|100%| S|  |TAMS 0x0000000718200000| PB 0x0000000718200000| Complete 
| 194|0x0000000718400000, 0x0000000718600000, 0x0000000718600000|100%| O|  |TAMS 0x0000000718400000| PB 0x0000000718400000| Untracked 
| 195|0x0000000718600000, 0x0000000718800000, 0x0000000718800000|100%| O|  |TAMS 0x0000000718600000| PB 0x0000000718600000| Untracked 
| 196|0x0000000718800000, 0x0000000718a00000, 0x0000000718a00000|100%| S|  |TAMS 0x0000000718800000| PB 0x0000000718800000| Complete 
| 197|0x0000000718a00000, 0x0000000718c00000, 0x0000000718c00000|100%| O|  |TAMS 0x0000000718a00000| PB 0x0000000718a00000| Untracked 
| 198|0x0000000718c00000, 0x0000000718e00000, 0x0000000718e00000|100%| S|  |TAMS 0x0000000718c00000| PB 0x0000000718c00000| Complete 
| 199|0x0000000718e00000, 0x0000000719000000, 0x0000000719000000|100%| O|  |TAMS 0x0000000718e00000| PB 0x0000000718e00000| Untracked 
| 200|0x0000000719000000, 0x0000000719200000, 0x0000000719200000|100%| O|  |TAMS 0x0000000719000000| PB 0x0000000719000000| Untracked 
| 201|0x0000000719200000, 0x0000000719400000, 0x0000000719400000|100%| O|  |TAMS 0x0000000719200000| PB 0x0000000719200000| Untracked 
| 202|0x0000000719400000, 0x0000000719600000, 0x0000000719600000|100%| O|  |TAMS 0x0000000719400000| PB 0x0000000719400000| Untracked 
| 203|0x0000000719600000, 0x0000000719800000, 0x0000000719800000|100%| S|  |TAMS 0x0000000719600000| PB 0x0000000719600000| Complete 
| 204|0x0000000719800000, 0x0000000719a00000, 0x0000000719a00000|100%| O|  |TAMS 0x0000000719800000| PB 0x0000000719800000| Untracked 
| 205|0x0000000719a00000, 0x0000000719c00000, 0x0000000719c00000|100%| O|  |TAMS 0x0000000719a00000| PB 0x0000000719a00000| Untracked 
| 206|0x0000000719c00000, 0x0000000719e00000, 0x0000000719e00000|100%| S|  |TAMS 0x0000000719c00000| PB 0x0000000719c00000| Complete 
| 207|0x0000000719e00000, 0x000000071a000000, 0x000000071a000000|100%| O|  |TAMS 0x0000000719e00000| PB 0x0000000719e00000| Untracked 
| 208|0x000000071a000000, 0x000000071a200000, 0x000000071a200000|100%| E|CS|TAMS 0x000000071a000000| PB 0x000000071a000000| Complete 
| 209|0x000000071a200000, 0x000000071a400000, 0x000000071a400000|100%| O|  |TAMS 0x000000071a200000| PB 0x000000071a200000| Untracked 
| 210|0x000000071a400000, 0x000000071a600000, 0x000000071a600000|100%| E|CS|TAMS 0x000000071a400000| PB 0x000000071a400000| Complete 
| 211|0x000000071a600000, 0x000000071a800000, 0x000000071a800000|100%| E|CS|TAMS 0x000000071a600000| PB 0x000000071a600000| Complete 
| 212|0x000000071a800000, 0x000000071aa00000, 0x000000071aa00000|100%| E|CS|TAMS 0x000000071a800000| PB 0x000000071a800000| Complete 
| 213|0x000000071aa00000, 0x000000071ac00000, 0x000000071ac00000|100%| E|CS|TAMS 0x000000071aa00000| PB 0x000000071aa00000| Complete 
| 214|0x000000071ac00000, 0x000000071ae00000, 0x000000071ae00000|100%| E|CS|TAMS 0x000000071ac00000| PB 0x000000071ac00000| Complete 
| 215|0x000000071ae00000, 0x000000071b000000, 0x000000071b000000|100%| E|CS|TAMS 0x000000071ae00000| PB 0x000000071ae00000| Complete 
| 216|0x000000071b000000, 0x000000071b200000, 0x000000071b200000|100%| E|CS|TAMS 0x000000071b000000| PB 0x000000071b000000| Complete 
| 217|0x000000071b200000, 0x000000071b400000, 0x000000071b400000|100%| O|  |TAMS 0x000000071b200000| PB 0x000000071b200000| Untracked 
| 218|0x000000071b400000, 0x000000071b600000, 0x000000071b600000|100%| O|  |TAMS 0x000000071b400000| PB 0x000000071b400000| Untracked 
| 219|0x000000071b600000, 0x000000071b800000, 0x000000071b800000|100%| O|  |TAMS 0x000000071b600000| PB 0x000000071b600000| Untracked 
| 220|0x000000071b800000, 0x000000071ba00000, 0x000000071ba00000|100%| O|  |TAMS 0x000000071b800000| PB 0x000000071b800000| Untracked 
| 221|0x000000071ba00000, 0x000000071bc00000, 0x000000071bc00000|100%| O|  |TAMS 0x000000071ba00000| PB 0x000000071ba00000| Untracked 
| 222|0x000000071bc00000, 0x000000071be00000, 0x000000071be00000|100%| O|  |TAMS 0x000000071bc00000| PB 0x000000071bc00000| Untracked 
| 223|0x000000071be00000, 0x000000071c000000, 0x000000071c000000|100%| E|CS|TAMS 0x000000071be00000| PB 0x000000071be00000| Complete 
| 224|0x000000071c000000, 0x000000071c200000, 0x000000071c200000|100%| E|CS|TAMS 0x000000071c000000| PB 0x000000071c000000| Complete 
| 225|0x000000071c200000, 0x000000071c400000, 0x000000071c400000|100%| O|  |TAMS 0x000000071c200000| PB 0x000000071c200000| Untracked 
| 226|0x000000071c400000, 0x000000071c600000, 0x000000071c600000|100%| O|  |TAMS 0x000000071c400000| PB 0x000000071c400000| Untracked 
| 227|0x000000071c600000, 0x000000071c800000, 0x000000071c800000|100%| O|  |TAMS 0x000000071c600000| PB 0x000000071c600000| Untracked 
| 228|0x000000071c800000, 0x000000071ca00000, 0x000000071ca00000|100%| O|  |TAMS 0x000000071c800000| PB 0x000000071c800000| Untracked 
| 229|0x000000071ca00000, 0x000000071cc00000, 0x000000071cc00000|100%| O|  |TAMS 0x000000071ca00000| PB 0x000000071ca00000| Untracked 
| 230|0x000000071cc00000, 0x000000071ce00000, 0x000000071ce00000|100%| O|  |TAMS 0x000000071cc00000| PB 0x000000071cc00000| Untracked 
| 231|0x000000071ce00000, 0x000000071d000000, 0x000000071d000000|100%| O|  |TAMS 0x000000071ce00000| PB 0x000000071ce00000| Untracked 
| 232|0x000000071d000000, 0x000000071d200000, 0x000000071d200000|100%| O|  |TAMS 0x000000071d000000| PB 0x000000071d000000| Untracked 
| 233|0x000000071d200000, 0x000000071d400000, 0x000000071d400000|100%| O|  |TAMS 0x000000071d200000| PB 0x000000071d200000| Untracked 
| 234|0x000000071d400000, 0x000000071d600000, 0x000000071d600000|100%| O|  |TAMS 0x000000071d400000| PB 0x000000071d400000| Untracked 
| 235|0x000000071d600000, 0x000000071d800000, 0x000000071d800000|100%| O|  |TAMS 0x000000071d600000| PB 0x000000071d600000| Untracked 
| 236|0x000000071d800000, 0x000000071da00000, 0x000000071da00000|100%| O|  |TAMS 0x000000071d800000| PB 0x000000071d800000| Untracked 
| 237|0x000000071da00000, 0x000000071dc00000, 0x000000071dc00000|100%| O|  |TAMS 0x000000071da00000| PB 0x000000071da00000| Untracked 
| 238|0x000000071dc00000, 0x000000071de00000, 0x000000071de00000|100%| O|  |TAMS 0x000000071dc00000| PB 0x000000071dc00000| Untracked 
| 239|0x000000071de00000, 0x000000071e000000, 0x000000071e000000|100%| O|  |TAMS 0x000000071de00000| PB 0x000000071de00000| Untracked 
| 240|0x000000071e000000, 0x000000071e200000, 0x000000071e200000|100%| E|CS|TAMS 0x000000071e000000| PB 0x000000071e000000| Complete 
| 241|0x000000071e200000, 0x000000071e400000, 0x000000071e400000|100%| E|CS|TAMS 0x000000071e200000| PB 0x000000071e200000| Complete 
| 242|0x000000071e400000, 0x000000071e600000, 0x000000071e600000|100%| E|CS|TAMS 0x000000071e400000| PB 0x000000071e400000| Complete 
| 243|0x000000071e600000, 0x000000071e800000, 0x000000071e800000|100%| E|CS|TAMS 0x000000071e600000| PB 0x000000071e600000| Complete 
| 244|0x000000071e800000, 0x000000071ea00000, 0x000000071ea00000|100%| E|CS|TAMS 0x000000071e800000| PB 0x000000071e800000| Complete 
| 245|0x000000071ea00000, 0x000000071ec00000, 0x000000071ec00000|100%| E|CS|TAMS 0x000000071ea00000| PB 0x000000071ea00000| Complete 
| 246|0x000000071ec00000, 0x000000071ee00000, 0x000000071ee00000|100%| E|CS|TAMS 0x000000071ec00000| PB 0x000000071ec00000| Complete 
| 247|0x000000071ee00000, 0x000000071f000000, 0x000000071f000000|100%| E|CS|TAMS 0x000000071ee00000| PB 0x000000071ee00000| Complete 
| 248|0x000000071f000000, 0x000000071f200000, 0x000000071f200000|100%| E|CS|TAMS 0x000000071f000000| PB 0x000000071f000000| Complete 
| 249|0x000000071f200000, 0x000000071f400000, 0x000000071f400000|100%| E|CS|TAMS 0x000000071f200000| PB 0x000000071f200000| Complete 
| 250|0x000000071f400000, 0x000000071f600000, 0x000000071f600000|100%| E|CS|TAMS 0x000000071f400000| PB 0x000000071f400000| Complete 
| 251|0x000000071f600000, 0x000000071f800000, 0x000000071f800000|100%| E|CS|TAMS 0x000000071f600000| PB 0x000000071f600000| Complete 
| 252|0x000000071f800000, 0x000000071fa00000, 0x000000071fa00000|100%| E|CS|TAMS 0x000000071f800000| PB 0x000000071f800000| Complete 
| 253|0x000000071fa00000, 0x000000071fc00000, 0x000000071fc00000|100%| E|CS|TAMS 0x000000071fa00000| PB 0x000000071fa00000| Complete 
| 254|0x000000071fc00000, 0x000000071fe00000, 0x000000071fe00000|100%| E|CS|TAMS 0x000000071fc00000| PB 0x000000071fc00000| Complete 
| 255|0x000000071fe00000, 0x0000000720000000, 0x0000000720000000|100%| E|CS|TAMS 0x000000071fe00000| PB 0x000000071fe00000| Complete 
| 256|0x0000000720000000, 0x0000000720200000, 0x0000000720200000|100%| E|CS|TAMS 0x0000000720000000| PB 0x0000000720000000| Complete 
| 257|0x0000000720200000, 0x0000000720400000, 0x0000000720400000|100%| O|  |TAMS 0x0000000720200000| PB 0x0000000720200000| Untracked 
| 258|0x0000000720400000, 0x0000000720600000, 0x0000000720600000|100%| E|CS|TAMS 0x0000000720400000| PB 0x0000000720400000| Complete 
| 259|0x0000000720600000, 0x0000000720800000, 0x0000000720800000|100%| E|CS|TAMS 0x0000000720600000| PB 0x0000000720600000| Complete 
| 260|0x0000000720800000, 0x0000000720a00000, 0x0000000720a00000|100%| E|CS|TAMS 0x0000000720800000| PB 0x0000000720800000| Complete 
| 261|0x0000000720a00000, 0x0000000720c00000, 0x0000000720c00000|100%| E|CS|TAMS 0x0000000720a00000| PB 0x0000000720a00000| Complete 
| 262|0x0000000720c00000, 0x0000000720e00000, 0x0000000720e00000|100%| E|CS|TAMS 0x0000000720c00000| PB 0x0000000720c00000| Complete 
| 263|0x0000000720e00000, 0x0000000721000000, 0x0000000721000000|100%| E|CS|TAMS 0x0000000720e00000| PB 0x0000000720e00000| Complete 
| 264|0x0000000721000000, 0x0000000721200000, 0x0000000721200000|100%| O|  |TAMS 0x0000000721000000| PB 0x0000000721000000| Untracked 
| 265|0x0000000721200000, 0x0000000721400000, 0x0000000721400000|100%| E|CS|TAMS 0x0000000721200000| PB 0x0000000721200000| Complete 
| 266|0x0000000721400000, 0x0000000721600000, 0x0000000721600000|100%| O|  |TAMS 0x0000000721400000| PB 0x0000000721400000| Untracked 
| 267|0x0000000721600000, 0x0000000721800000, 0x0000000721800000|100%| O|  |TAMS 0x0000000721600000| PB 0x0000000721600000| Untracked 
| 268|0x0000000721800000, 0x0000000721a00000, 0x0000000721a00000|100%| O|  |TAMS 0x0000000721800000| PB 0x0000000721800000| Untracked 
| 269|0x0000000721a00000, 0x0000000721c00000, 0x0000000721c00000|100%| O|  |TAMS 0x0000000721a00000| PB 0x0000000721a00000| Untracked 
| 270|0x0000000721c00000, 0x0000000721e00000, 0x0000000721e00000|100%| E|CS|TAMS 0x0000000721c00000| PB 0x0000000721c00000| Complete 
| 271|0x0000000721e00000, 0x0000000722000000, 0x0000000722000000|100%| E|CS|TAMS 0x0000000721e00000| PB 0x0000000721e00000| Complete 
| 272|0x0000000722000000, 0x0000000722200000, 0x0000000722200000|100%| O|  |TAMS 0x0000000722000000| PB 0x0000000722000000| Untracked 
| 273|0x0000000722200000, 0x0000000722400000, 0x0000000722400000|100%| O|  |TAMS 0x0000000722200000| PB 0x0000000722200000| Untracked 
| 274|0x0000000722400000, 0x0000000722600000, 0x0000000722600000|100%| O|  |TAMS 0x0000000722400000| PB 0x0000000722400000| Untracked 
| 275|0x0000000722600000, 0x0000000722800000, 0x0000000722800000|100%| O|  |TAMS 0x0000000722600000| PB 0x0000000722600000| Untracked 
| 276|0x0000000722800000, 0x0000000722a00000, 0x0000000722a00000|100%| E|CS|TAMS 0x0000000722800000| PB 0x0000000722800000| Complete 
| 277|0x0000000722a00000, 0x0000000722c00000, 0x0000000722c00000|100%| O|  |TAMS 0x0000000722a00000| PB 0x0000000722a00000| Untracked 
| 278|0x0000000722c00000, 0x0000000722e00000, 0x0000000722e00000|100%| O|  |TAMS 0x0000000722c00000| PB 0x0000000722c00000| Untracked 
| 279|0x0000000722e00000, 0x0000000723000000, 0x0000000723000000|100%| E|CS|TAMS 0x0000000722e00000| PB 0x0000000722e00000| Complete 
| 280|0x0000000723000000, 0x0000000723200000, 0x0000000723200000|100%| E|CS|TAMS 0x0000000723000000| PB 0x0000000723000000| Complete 
| 281|0x0000000723200000, 0x0000000723400000, 0x0000000723400000|100%| E|CS|TAMS 0x0000000723200000| PB 0x0000000723200000| Complete 
| 282|0x0000000723400000, 0x0000000723600000, 0x0000000723600000|100%| E|CS|TAMS 0x0000000723400000| PB 0x0000000723400000| Complete 
| 283|0x0000000723600000, 0x0000000723800000, 0x0000000723800000|100%| E|CS|TAMS 0x0000000723600000| PB 0x0000000723600000| Complete 
| 284|0x0000000723800000, 0x0000000723a00000, 0x0000000723a00000|100%| E|CS|TAMS 0x0000000723800000| PB 0x0000000723800000| Complete 
| 285|0x0000000723a00000, 0x0000000723c00000, 0x0000000723c00000|100%| E|CS|TAMS 0x0000000723a00000| PB 0x0000000723a00000| Complete 
| 286|0x0000000723c00000, 0x0000000723e00000, 0x0000000723e00000|100%| E|CS|TAMS 0x0000000723c00000| PB 0x0000000723c00000| Complete 
| 287|0x0000000723e00000, 0x0000000724000000, 0x0000000724000000|100%| E|CS|TAMS 0x0000000723e00000| PB 0x0000000723e00000| Complete 
| 288|0x0000000724000000, 0x0000000724200000, 0x0000000724200000|100%| E|CS|TAMS 0x0000000724000000| PB 0x0000000724000000| Complete 
| 289|0x0000000724200000, 0x0000000724400000, 0x0000000724400000|100%| E|CS|TAMS 0x0000000724200000| PB 0x0000000724200000| Complete 
| 290|0x0000000724400000, 0x0000000724600000, 0x0000000724600000|100%| E|CS|TAMS 0x0000000724400000| PB 0x0000000724400000| Complete 
| 291|0x0000000724600000, 0x0000000724800000, 0x0000000724800000|100%| E|CS|TAMS 0x0000000724600000| PB 0x0000000724600000| Complete 
| 292|0x0000000724800000, 0x0000000724a00000, 0x0000000724a00000|100%| E|CS|TAMS 0x0000000724800000| PB 0x0000000724800000| Complete 
| 293|0x0000000724a00000, 0x0000000724c00000, 0x0000000724c00000|100%| E|CS|TAMS 0x0000000724a00000| PB 0x0000000724a00000| Complete 
| 294|0x0000000724c00000, 0x0000000724e00000, 0x0000000724e00000|100%| E|CS|TAMS 0x0000000724c00000| PB 0x0000000724c00000| Complete 
| 295|0x0000000724e00000, 0x0000000725000000, 0x0000000725000000|100%| E|CS|TAMS 0x0000000724e00000| PB 0x0000000724e00000| Complete 
| 296|0x0000000725000000, 0x0000000725200000, 0x0000000725200000|100%| E|CS|TAMS 0x0000000725000000| PB 0x0000000725000000| Complete 
| 297|0x0000000725200000, 0x0000000725400000, 0x0000000725400000|100%| E|CS|TAMS 0x0000000725200000| PB 0x0000000725200000| Complete 
| 298|0x0000000725400000, 0x0000000725600000, 0x0000000725600000|100%| E|CS|TAMS 0x0000000725400000| PB 0x0000000725400000| Complete 
| 299|0x0000000725600000, 0x0000000725800000, 0x0000000725800000|100%| E|CS|TAMS 0x0000000725600000| PB 0x0000000725600000| Complete 
| 300|0x0000000725800000, 0x0000000725a00000, 0x0000000725a00000|100%| E|CS|TAMS 0x0000000725800000| PB 0x0000000725800000| Complete 
| 301|0x0000000725a00000, 0x0000000725c00000, 0x0000000725c00000|100%| E|CS|TAMS 0x0000000725a00000| PB 0x0000000725a00000| Complete 
| 302|0x0000000725c00000, 0x0000000725e00000, 0x0000000725e00000|100%| E|CS|TAMS 0x0000000725c00000| PB 0x0000000725c00000| Complete 
| 303|0x0000000725e00000, 0x0000000726000000, 0x0000000726000000|100%| E|CS|TAMS 0x0000000725e00000| PB 0x0000000725e00000| Complete 
| 304|0x0000000726000000, 0x0000000726200000, 0x0000000726200000|100%| E|CS|TAMS 0x0000000726000000| PB 0x0000000726000000| Complete 
| 305|0x0000000726200000, 0x0000000726400000, 0x0000000726400000|100%| E|CS|TAMS 0x0000000726200000| PB 0x0000000726200000| Complete 
| 306|0x0000000726400000, 0x0000000726600000, 0x0000000726600000|100%| E|CS|TAMS 0x0000000726400000| PB 0x0000000726400000| Complete 
| 307|0x0000000726600000, 0x0000000726800000, 0x0000000726800000|100%| E|CS|TAMS 0x0000000726600000| PB 0x0000000726600000| Complete 
| 308|0x0000000726800000, 0x0000000726a00000, 0x0000000726a00000|100%| E|CS|TAMS 0x0000000726800000| PB 0x0000000726800000| Complete 
| 309|0x0000000726a00000, 0x0000000726c00000, 0x0000000726c00000|100%| E|CS|TAMS 0x0000000726a00000| PB 0x0000000726a00000| Complete 
| 310|0x0000000726c00000, 0x0000000726e00000, 0x0000000726e00000|100%| E|CS|TAMS 0x0000000726c00000| PB 0x0000000726c00000| Complete 
| 311|0x0000000726e00000, 0x0000000727000000, 0x0000000727000000|100%| E|CS|TAMS 0x0000000726e00000| PB 0x0000000726e00000| Complete 
| 312|0x0000000727000000, 0x0000000727200000, 0x0000000727200000|100%| E|CS|TAMS 0x0000000727000000| PB 0x0000000727000000| Complete 
| 313|0x0000000727200000, 0x0000000727400000, 0x0000000727400000|100%| E|CS|TAMS 0x0000000727200000| PB 0x0000000727200000| Complete 
| 314|0x0000000727400000, 0x0000000727600000, 0x0000000727600000|100%| E|CS|TAMS 0x0000000727400000| PB 0x0000000727400000| Complete 
| 315|0x0000000727600000, 0x0000000727800000, 0x0000000727800000|100%| E|CS|TAMS 0x0000000727600000| PB 0x0000000727600000| Complete 
| 316|0x0000000727800000, 0x0000000727a00000, 0x0000000727a00000|100%| E|CS|TAMS 0x0000000727800000| PB 0x0000000727800000| Complete 
| 317|0x0000000727a00000, 0x0000000727c00000, 0x0000000727c00000|100%| E|CS|TAMS 0x0000000727a00000| PB 0x0000000727a00000| Complete 
| 318|0x0000000727c00000, 0x0000000727e00000, 0x0000000727e00000|100%| E|CS|TAMS 0x0000000727c00000| PB 0x0000000727c00000| Complete 
| 319|0x0000000727e00000, 0x0000000728000000, 0x0000000728000000|100%| E|CS|TAMS 0x0000000727e00000| PB 0x0000000727e00000| Complete 
| 320|0x0000000728000000, 0x0000000728200000, 0x0000000728200000|100%| E|CS|TAMS 0x0000000728000000| PB 0x0000000728000000| Complete 
| 321|0x0000000728200000, 0x0000000728400000, 0x0000000728400000|100%| E|CS|TAMS 0x0000000728200000| PB 0x0000000728200000| Complete 
| 322|0x0000000728400000, 0x0000000728600000, 0x0000000728600000|100%| E|CS|TAMS 0x0000000728400000| PB 0x0000000728400000| Complete 
| 323|0x0000000728600000, 0x0000000728800000, 0x0000000728800000|100%| E|CS|TAMS 0x0000000728600000| PB 0x0000000728600000| Complete 
| 324|0x0000000728800000, 0x0000000728a00000, 0x0000000728a00000|100%| E|CS|TAMS 0x0000000728800000| PB 0x0000000728800000| Complete 
| 325|0x0000000728a00000, 0x0000000728c00000, 0x0000000728c00000|100%| E|CS|TAMS 0x0000000728a00000| PB 0x0000000728a00000| Complete 
| 326|0x0000000728c00000, 0x0000000728e00000, 0x0000000728e00000|100%| E|CS|TAMS 0x0000000728c00000| PB 0x0000000728c00000| Complete 
| 327|0x0000000728e00000, 0x0000000729000000, 0x0000000729000000|100%| E|CS|TAMS 0x0000000728e00000| PB 0x0000000728e00000| Complete 
| 328|0x0000000729000000, 0x0000000729200000, 0x0000000729200000|100%| E|CS|TAMS 0x0000000729000000| PB 0x0000000729000000| Complete 
| 329|0x0000000729200000, 0x0000000729400000, 0x0000000729400000|100%| E|CS|TAMS 0x0000000729200000| PB 0x0000000729200000| Complete 
| 330|0x0000000729400000, 0x0000000729600000, 0x0000000729600000|100%| E|CS|TAMS 0x0000000729400000| PB 0x0000000729400000| Complete 
| 331|0x0000000729600000, 0x0000000729800000, 0x0000000729800000|100%| E|CS|TAMS 0x0000000729600000| PB 0x0000000729600000| Complete 
| 332|0x0000000729800000, 0x0000000729a00000, 0x0000000729a00000|100%| E|CS|TAMS 0x0000000729800000| PB 0x0000000729800000| Complete 
| 333|0x0000000729a00000, 0x0000000729c00000, 0x0000000729c00000|100%| E|CS|TAMS 0x0000000729a00000| PB 0x0000000729a00000| Complete 
| 334|0x0000000729c00000, 0x0000000729e00000, 0x0000000729e00000|100%| E|CS|TAMS 0x0000000729c00000| PB 0x0000000729c00000| Complete 
| 335|0x0000000729e00000, 0x000000072a000000, 0x000000072a000000|100%| E|CS|TAMS 0x0000000729e00000| PB 0x0000000729e00000| Complete 
| 336|0x000000072a000000, 0x000000072a200000, 0x000000072a200000|100%| E|CS|TAMS 0x000000072a000000| PB 0x000000072a000000| Complete 
| 337|0x000000072a200000, 0x000000072a400000, 0x000000072a400000|100%| E|CS|TAMS 0x000000072a200000| PB 0x000000072a200000| Complete 
| 338|0x000000072a400000, 0x000000072a600000, 0x000000072a600000|100%| E|CS|TAMS 0x000000072a400000| PB 0x000000072a400000| Complete 
| 339|0x000000072a600000, 0x000000072a800000, 0x000000072a800000|100%| E|CS|TAMS 0x000000072a600000| PB 0x000000072a600000| Complete 
| 340|0x000000072a800000, 0x000000072aa00000, 0x000000072aa00000|100%| E|CS|TAMS 0x000000072a800000| PB 0x000000072a800000| Complete 
| 341|0x000000072aa00000, 0x000000072ac00000, 0x000000072ac00000|100%| E|CS|TAMS 0x000000072aa00000| PB 0x000000072aa00000| Complete 
| 342|0x000000072ac00000, 0x000000072ae00000, 0x000000072ae00000|100%| E|CS|TAMS 0x000000072ac00000| PB 0x000000072ac00000| Complete 
| 343|0x000000072ae00000, 0x000000072b000000, 0x000000072b000000|100%| E|CS|TAMS 0x000000072ae00000| PB 0x000000072ae00000| Complete 
| 344|0x000000072b000000, 0x000000072b200000, 0x000000072b200000|100%| E|CS|TAMS 0x000000072b000000| PB 0x000000072b000000| Complete 
| 345|0x000000072b200000, 0x000000072b400000, 0x000000072b400000|100%| E|CS|TAMS 0x000000072b200000| PB 0x000000072b200000| Complete 
| 346|0x000000072b400000, 0x000000072b600000, 0x000000072b600000|100%| E|CS|TAMS 0x000000072b400000| PB 0x000000072b400000| Complete 
| 347|0x000000072b600000, 0x000000072b800000, 0x000000072b800000|100%| E|CS|TAMS 0x000000072b600000| PB 0x000000072b600000| Complete 
| 348|0x000000072b800000, 0x000000072ba00000, 0x000000072ba00000|100%| E|CS|TAMS 0x000000072b800000| PB 0x000000072b800000| Complete 
| 349|0x000000072ba00000, 0x000000072bc00000, 0x000000072bc00000|100%| E|CS|TAMS 0x000000072ba00000| PB 0x000000072ba00000| Complete 
| 350|0x000000072bc00000, 0x000000072be00000, 0x000000072be00000|100%| E|CS|TAMS 0x000000072bc00000| PB 0x000000072bc00000| Complete 
| 351|0x000000072be00000, 0x000000072c000000, 0x000000072c000000|100%| E|CS|TAMS 0x000000072be00000| PB 0x000000072be00000| Complete 
| 352|0x000000072c000000, 0x000000072c200000, 0x000000072c200000|100%| E|CS|TAMS 0x000000072c000000| PB 0x000000072c000000| Complete 
| 353|0x000000072c200000, 0x000000072c400000, 0x000000072c400000|100%| E|CS|TAMS 0x000000072c200000| PB 0x000000072c200000| Complete 
| 354|0x000000072c400000, 0x000000072c600000, 0x000000072c600000|100%| E|CS|TAMS 0x000000072c400000| PB 0x000000072c400000| Complete 
| 355|0x000000072c600000, 0x000000072c800000, 0x000000072c800000|100%| E|CS|TAMS 0x000000072c600000| PB 0x000000072c600000| Complete 
| 356|0x000000072c800000, 0x000000072ca00000, 0x000000072ca00000|100%| E|CS|TAMS 0x000000072c800000| PB 0x000000072c800000| Complete 
| 357|0x000000072ca00000, 0x000000072cc00000, 0x000000072cc00000|100%| E|CS|TAMS 0x000000072ca00000| PB 0x000000072ca00000| Complete 
| 358|0x000000072cc00000, 0x000000072ce00000, 0x000000072ce00000|100%| E|CS|TAMS 0x000000072cc00000| PB 0x000000072cc00000| Complete 
| 359|0x000000072ce00000, 0x000000072d000000, 0x000000072d000000|100%| E|CS|TAMS 0x000000072ce00000| PB 0x000000072ce00000| Complete 
| 360|0x000000072d000000, 0x000000072d200000, 0x000000072d200000|100%| E|CS|TAMS 0x000000072d000000| PB 0x000000072d000000| Complete 
| 361|0x000000072d200000, 0x000000072d400000, 0x000000072d400000|100%| E|CS|TAMS 0x000000072d200000| PB 0x000000072d200000| Complete 
| 362|0x000000072d400000, 0x000000072d600000, 0x000000072d600000|100%| E|CS|TAMS 0x000000072d400000| PB 0x000000072d400000| Complete 
| 363|0x000000072d600000, 0x000000072d800000, 0x000000072d800000|100%| E|CS|TAMS 0x000000072d600000| PB 0x000000072d600000| Complete 
| 364|0x000000072d800000, 0x000000072da00000, 0x000000072da00000|100%| E|CS|TAMS 0x000000072d800000| PB 0x000000072d800000| Complete 
| 365|0x000000072da00000, 0x000000072dc00000, 0x000000072dc00000|100%| E|CS|TAMS 0x000000072da00000| PB 0x000000072da00000| Complete 
| 366|0x000000072dc00000, 0x000000072de00000, 0x000000072de00000|100%| E|CS|TAMS 0x000000072dc00000| PB 0x000000072dc00000| Complete 
| 367|0x000000072de00000, 0x000000072e000000, 0x000000072e000000|100%| E|CS|TAMS 0x000000072de00000| PB 0x000000072de00000| Complete 
| 368|0x000000072e000000, 0x000000072e200000, 0x000000072e200000|100%| E|CS|TAMS 0x000000072e000000| PB 0x000000072e000000| Complete 
| 369|0x000000072e200000, 0x000000072e400000, 0x000000072e400000|100%| E|CS|TAMS 0x000000072e200000| PB 0x000000072e200000| Complete 
| 370|0x000000072e400000, 0x000000072e600000, 0x000000072e600000|100%| E|CS|TAMS 0x000000072e400000| PB 0x000000072e400000| Complete 
| 371|0x000000072e600000, 0x000000072e800000, 0x000000072e800000|100%| E|CS|TAMS 0x000000072e600000| PB 0x000000072e600000| Complete 
| 372|0x000000072e800000, 0x000000072ea00000, 0x000000072ea00000|100%| E|CS|TAMS 0x000000072e800000| PB 0x000000072e800000| Complete 
| 373|0x000000072ea00000, 0x000000072ec00000, 0x000000072ec00000|100%| E|CS|TAMS 0x000000072ea00000| PB 0x000000072ea00000| Complete 
| 374|0x000000072ec00000, 0x000000072ee00000, 0x000000072ee00000|100%| E|CS|TAMS 0x000000072ec00000| PB 0x000000072ec00000| Complete 
| 375|0x000000072ee00000, 0x000000072f000000, 0x000000072f000000|100%| E|CS|TAMS 0x000000072ee00000| PB 0x000000072ee00000| Complete 
| 376|0x000000072f000000, 0x000000072f200000, 0x000000072f200000|100%| E|CS|TAMS 0x000000072f000000| PB 0x000000072f000000| Complete 
| 377|0x000000072f200000, 0x000000072f400000, 0x000000072f400000|100%| E|CS|TAMS 0x000000072f200000| PB 0x000000072f200000| Complete 
| 378|0x000000072f400000, 0x000000072f600000, 0x000000072f600000|100%| E|CS|TAMS 0x000000072f400000| PB 0x000000072f400000| Complete 
| 379|0x000000072f600000, 0x000000072f800000, 0x000000072f800000|100%| E|CS|TAMS 0x000000072f600000| PB 0x000000072f600000| Complete 
| 380|0x000000072f800000, 0x000000072fa00000, 0x000000072fa00000|100%| E|CS|TAMS 0x000000072f800000| PB 0x000000072f800000| Complete 
| 381|0x000000072fa00000, 0x000000072fc00000, 0x000000072fc00000|100%| E|CS|TAMS 0x000000072fa00000| PB 0x000000072fa00000| Complete 
| 382|0x000000072fc00000, 0x000000072fe00000, 0x000000072fe00000|100%| E|CS|TAMS 0x000000072fc00000| PB 0x000000072fc00000| Complete 
| 383|0x000000072fe00000, 0x0000000730000000, 0x0000000730000000|100%| E|CS|TAMS 0x000000072fe00000| PB 0x000000072fe00000| Complete 
| 384|0x0000000730000000, 0x0000000730200000, 0x0000000730200000|100%| E|CS|TAMS 0x0000000730000000| PB 0x0000000730000000| Complete 
| 385|0x0000000730200000, 0x0000000730400000, 0x0000000730400000|100%| E|CS|TAMS 0x0000000730200000| PB 0x0000000730200000| Complete 
| 386|0x0000000730400000, 0x0000000730600000, 0x0000000730600000|100%| E|CS|TAMS 0x0000000730400000| PB 0x0000000730400000| Complete 
| 387|0x0000000730600000, 0x0000000730800000, 0x0000000730800000|100%| E|CS|TAMS 0x0000000730600000| PB 0x0000000730600000| Complete 
| 388|0x0000000730800000, 0x0000000730a00000, 0x0000000730a00000|100%| E|CS|TAMS 0x0000000730800000| PB 0x0000000730800000| Complete 
| 389|0x0000000730a00000, 0x0000000730c00000, 0x0000000730c00000|100%| E|CS|TAMS 0x0000000730a00000| PB 0x0000000730a00000| Complete 
| 390|0x0000000730c00000, 0x0000000730e00000, 0x0000000730e00000|100%| E|CS|TAMS 0x0000000730c00000| PB 0x0000000730c00000| Complete 
| 391|0x0000000730e00000, 0x0000000731000000, 0x0000000731000000|100%| E|CS|TAMS 0x0000000730e00000| PB 0x0000000730e00000| Complete 
| 392|0x0000000731000000, 0x0000000731200000, 0x0000000731200000|100%| E|CS|TAMS 0x0000000731000000| PB 0x0000000731000000| Complete 
| 393|0x0000000731200000, 0x0000000731400000, 0x0000000731400000|100%| E|CS|TAMS 0x0000000731200000| PB 0x0000000731200000| Complete 
| 394|0x0000000731400000, 0x0000000731600000, 0x0000000731600000|100%| E|CS|TAMS 0x0000000731400000| PB 0x0000000731400000| Complete 
| 395|0x0000000731600000, 0x0000000731800000, 0x0000000731800000|100%| E|CS|TAMS 0x0000000731600000| PB 0x0000000731600000| Complete 
| 396|0x0000000731800000, 0x0000000731a00000, 0x0000000731a00000|100%| E|CS|TAMS 0x0000000731800000| PB 0x0000000731800000| Complete 
| 397|0x0000000731a00000, 0x0000000731c00000, 0x0000000731c00000|100%| E|CS|TAMS 0x0000000731a00000| PB 0x0000000731a00000| Complete 
| 398|0x0000000731c00000, 0x0000000731e00000, 0x0000000731e00000|100%| E|CS|TAMS 0x0000000731c00000| PB 0x0000000731c00000| Complete 
| 399|0x0000000731e00000, 0x0000000732000000, 0x0000000732000000|100%| E|CS|TAMS 0x0000000731e00000| PB 0x0000000731e00000| Complete 
| 400|0x0000000732000000, 0x0000000732200000, 0x0000000732200000|100%| E|CS|TAMS 0x0000000732000000| PB 0x0000000732000000| Complete 
| 401|0x0000000732200000, 0x0000000732400000, 0x0000000732400000|100%| E|CS|TAMS 0x0000000732200000| PB 0x0000000732200000| Complete 
| 402|0x0000000732400000, 0x0000000732600000, 0x0000000732600000|100%| E|CS|TAMS 0x0000000732400000| PB 0x0000000732400000| Complete 
| 403|0x0000000732600000, 0x0000000732800000, 0x0000000732800000|100%| E|CS|TAMS 0x0000000732600000| PB 0x0000000732600000| Complete 
| 404|0x0000000732800000, 0x0000000732a00000, 0x0000000732a00000|100%| E|CS|TAMS 0x0000000732800000| PB 0x0000000732800000| Complete 
| 405|0x0000000732a00000, 0x0000000732c00000, 0x0000000732c00000|100%| E|CS|TAMS 0x0000000732a00000| PB 0x0000000732a00000| Complete 
| 406|0x0000000732c00000, 0x0000000732e00000, 0x0000000732e00000|100%| E|CS|TAMS 0x0000000732c00000| PB 0x0000000732c00000| Complete 
| 407|0x0000000732e00000, 0x0000000733000000, 0x0000000733000000|100%| E|CS|TAMS 0x0000000732e00000| PB 0x0000000732e00000| Complete 
| 408|0x0000000733000000, 0x0000000733200000, 0x0000000733200000|100%| E|CS|TAMS 0x0000000733000000| PB 0x0000000733000000| Complete 
| 409|0x0000000733200000, 0x0000000733400000, 0x0000000733400000|100%| E|CS|TAMS 0x0000000733200000| PB 0x0000000733200000| Complete 
| 410|0x0000000733400000, 0x0000000733600000, 0x0000000733600000|100%| E|CS|TAMS 0x0000000733400000| PB 0x0000000733400000| Complete 
| 411|0x0000000733600000, 0x0000000733800000, 0x0000000733800000|100%| E|CS|TAMS 0x0000000733600000| PB 0x0000000733600000| Complete 
| 412|0x0000000733800000, 0x0000000733a00000, 0x0000000733a00000|100%| E|CS|TAMS 0x0000000733800000| PB 0x0000000733800000| Complete 
| 413|0x0000000733a00000, 0x0000000733c00000, 0x0000000733c00000|100%| E|CS|TAMS 0x0000000733a00000| PB 0x0000000733a00000| Complete 
| 414|0x0000000733c00000, 0x0000000733e00000, 0x0000000733e00000|100%| E|CS|TAMS 0x0000000733c00000| PB 0x0000000733c00000| Complete 
| 415|0x0000000733e00000, 0x0000000734000000, 0x0000000734000000|100%| E|CS|TAMS 0x0000000733e00000| PB 0x0000000733e00000| Complete 
| 416|0x0000000734000000, 0x0000000734200000, 0x0000000734200000|100%| E|CS|TAMS 0x0000000734000000| PB 0x0000000734000000| Complete 
| 417|0x0000000734200000, 0x0000000734400000, 0x0000000734400000|100%| E|CS|TAMS 0x0000000734200000| PB 0x0000000734200000| Complete 
| 418|0x0000000734400000, 0x0000000734600000, 0x0000000734600000|100%| E|CS|TAMS 0x0000000734400000| PB 0x0000000734400000| Complete 
| 419|0x0000000734600000, 0x0000000734800000, 0x0000000734800000|100%| E|CS|TAMS 0x0000000734600000| PB 0x0000000734600000| Complete 
| 420|0x0000000734800000, 0x0000000734a00000, 0x0000000734a00000|100%| E|CS|TAMS 0x0000000734800000| PB 0x0000000734800000| Complete 
| 421|0x0000000734a00000, 0x0000000734b00000, 0x0000000734c00000| 50%| E|CS|TAMS 0x0000000734a00000| PB 0x0000000734a00000| Complete 
|1948|0x00000007f3800000, 0x00000007f3a00000, 0x00000007f3a00000|100%| O|  |TAMS 0x00000007f3800000| PB 0x00000007f3800000| Untracked 
|1949|0x00000007f3a00000, 0x00000007f3c00000, 0x00000007f3c00000|100%| O|  |TAMS 0x00000007f3a00000| PB 0x00000007f3a00000| Untracked 
|1950|0x00000007f3c00000, 0x00000007f3e00000, 0x00000007f3e00000|100%| O|  |TAMS 0x00000007f3c00000| PB 0x00000007f3c00000| Untracked 
|1951|0x00000007f3e00000, 0x00000007f4000000, 0x00000007f4000000|100%| O|  |TAMS 0x00000007f3e00000| PB 0x00000007f3e00000| Untracked 
|1952|0x00000007f4000000, 0x00000007f4200000, 0x00000007f4200000|100%| O|  |TAMS 0x00000007f4000000| PB 0x00000007f4000000| Untracked 
|1953|0x00000007f4200000, 0x00000007f4400000, 0x00000007f4400000|100%| E|CS|TAMS 0x00000007f4200000| PB 0x00000007f4200000| Complete 
|1954|0x00000007f4400000, 0x00000007f4600000, 0x00000007f4600000|100%| O|  |TAMS 0x00000007f4400000| PB 0x00000007f4400000| Untracked 
|1955|0x00000007f4600000, 0x00000007f4800000, 0x00000007f4800000|100%| E|CS|TAMS 0x00000007f4600000| PB 0x00000007f4600000| Complete 
|1956|0x00000007f4800000, 0x00000007f4a00000, 0x00000007f4a00000|100%| E|CS|TAMS 0x00000007f4800000| PB 0x00000007f4800000| Complete 
|1957|0x00000007f4a00000, 0x00000007f4c00000, 0x00000007f4c00000|100%| E|CS|TAMS 0x00000007f4a00000| PB 0x00000007f4a00000| Complete 
|1958|0x00000007f4c00000, 0x00000007f4e00000, 0x00000007f4e00000|100%| E|CS|TAMS 0x00000007f4c00000| PB 0x00000007f4c00000| Complete 
|1959|0x00000007f4e00000, 0x00000007f5000000, 0x00000007f5000000|100%| E|CS|TAMS 0x00000007f4e00000| PB 0x00000007f4e00000| Complete 
|1960|0x00000007f5000000, 0x00000007f5200000, 0x00000007f5200000|100%| E|CS|TAMS 0x00000007f5000000| PB 0x00000007f5000000| Complete 
|1961|0x00000007f5200000, 0x00000007f5400000, 0x00000007f5400000|100%| E|CS|TAMS 0x00000007f5200000| PB 0x00000007f5200000| Complete 
|1962|0x00000007f5400000, 0x00000007f5600000, 0x00000007f5600000|100%| E|CS|TAMS 0x00000007f5400000| PB 0x00000007f5400000| Complete 
|1963|0x00000007f5600000, 0x00000007f5800000, 0x00000007f5800000|100%| E|CS|TAMS 0x00000007f5600000| PB 0x00000007f5600000| Complete 
|1964|0x00000007f5800000, 0x00000007f5a00000, 0x00000007f5a00000|100%| E|CS|TAMS 0x00000007f5800000| PB 0x00000007f5800000| Complete 
|1965|0x00000007f5a00000, 0x00000007f5c00000, 0x00000007f5c00000|100%| E|CS|TAMS 0x00000007f5a00000| PB 0x00000007f5a00000| Complete 
|1966|0x00000007f5c00000, 0x00000007f5e00000, 0x00000007f5e00000|100%| E|CS|TAMS 0x00000007f5c00000| PB 0x00000007f5c00000| Complete 
|1967|0x00000007f5e00000, 0x00000007f6000000, 0x00000007f6000000|100%| E|CS|TAMS 0x00000007f5e00000| PB 0x00000007f5e00000| Complete 
|1968|0x00000007f6000000, 0x00000007f6200000, 0x00000007f6200000|100%| E|CS|TAMS 0x00000007f6000000| PB 0x00000007f6000000| Complete 
|1969|0x00000007f6200000, 0x00000007f6400000, 0x00000007f6400000|100%| E|CS|TAMS 0x00000007f6200000| PB 0x00000007f6200000| Complete 
|1970|0x00000007f6400000, 0x00000007f6600000, 0x00000007f6600000|100%| E|CS|TAMS 0x00000007f6400000| PB 0x00000007f6400000| Complete 
|1971|0x00000007f6600000, 0x00000007f6800000, 0x00000007f6800000|100%| E|CS|TAMS 0x00000007f6600000| PB 0x00000007f6600000| Complete 
|1972|0x00000007f6800000, 0x00000007f6a00000, 0x00000007f6a00000|100%| E|CS|TAMS 0x00000007f6800000| PB 0x00000007f6800000| Complete 
|1973|0x00000007f6a00000, 0x00000007f6c00000, 0x00000007f6c00000|100%| E|CS|TAMS 0x00000007f6a00000| PB 0x00000007f6a00000| Complete 
|1974|0x00000007f6c00000, 0x00000007f6e00000, 0x00000007f6e00000|100%| E|CS|TAMS 0x00000007f6c00000| PB 0x00000007f6c00000| Complete 
|1975|0x00000007f6e00000, 0x00000007f7000000, 0x00000007f7000000|100%| E|CS|TAMS 0x00000007f6e00000| PB 0x00000007f6e00000| Complete 
|1976|0x00000007f7000000, 0x00000007f7200000, 0x00000007f7200000|100%| E|CS|TAMS 0x00000007f7000000| PB 0x00000007f7000000| Complete 
|1977|0x00000007f7200000, 0x00000007f7400000, 0x00000007f7400000|100%| E|CS|TAMS 0x00000007f7200000| PB 0x00000007f7200000| Complete 
|1978|0x00000007f7400000, 0x00000007f7600000, 0x00000007f7600000|100%| E|CS|TAMS 0x00000007f7400000| PB 0x00000007f7400000| Complete 
|1979|0x00000007f7600000, 0x00000007f7800000, 0x00000007f7800000|100%| E|CS|TAMS 0x00000007f7600000| PB 0x00000007f7600000| Complete 
|1980|0x00000007f7800000, 0x00000007f7a00000, 0x00000007f7a00000|100%| E|CS|TAMS 0x00000007f7800000| PB 0x00000007f7800000| Complete 
|1981|0x00000007f7a00000, 0x00000007f7c00000, 0x00000007f7c00000|100%| E|CS|TAMS 0x00000007f7a00000| PB 0x00000007f7a00000| Complete 
|1982|0x00000007f7c00000, 0x00000007f7e00000, 0x00000007f7e00000|100%| E|CS|TAMS 0x00000007f7c00000| PB 0x00000007f7c00000| Complete 
|1983|0x00000007f7e00000, 0x00000007f8000000, 0x00000007f8000000|100%| E|CS|TAMS 0x00000007f7e00000| PB 0x00000007f7e00000| Complete 
|1984|0x00000007f8000000, 0x00000007f8200000, 0x00000007f8200000|100%| E|CS|TAMS 0x00000007f8000000| PB 0x00000007f8000000| Complete 
|1985|0x00000007f8200000, 0x00000007f8400000, 0x00000007f8400000|100%| E|CS|TAMS 0x00000007f8200000| PB 0x00000007f8200000| Complete 
|1986|0x00000007f8400000, 0x00000007f8600000, 0x00000007f8600000|100%| E|CS|TAMS 0x00000007f8400000| PB 0x00000007f8400000| Complete 
|1987|0x00000007f8600000, 0x00000007f8800000, 0x00000007f8800000|100%| E|CS|TAMS 0x00000007f8600000| PB 0x00000007f8600000| Complete 
|1988|0x00000007f8800000, 0x00000007f8a00000, 0x00000007f8a00000|100%| E|CS|TAMS 0x00000007f8800000| PB 0x00000007f8800000| Complete 
|1989|0x00000007f8a00000, 0x00000007f8c00000, 0x00000007f8c00000|100%| E|CS|TAMS 0x00000007f8a00000| PB 0x00000007f8a00000| Complete 
|1990|0x00000007f8c00000, 0x00000007f8e00000, 0x00000007f8e00000|100%| E|CS|TAMS 0x00000007f8c00000| PB 0x00000007f8c00000| Complete 
|1991|0x00000007f8e00000, 0x00000007f9000000, 0x00000007f9000000|100%| E|CS|TAMS 0x00000007f8e00000| PB 0x00000007f8e00000| Complete 
|1992|0x00000007f9000000, 0x00000007f9200000, 0x00000007f9200000|100%| E|CS|TAMS 0x00000007f9000000| PB 0x00000007f9000000| Complete 
|1993|0x00000007f9200000, 0x00000007f9400000, 0x00000007f9400000|100%| E|CS|TAMS 0x00000007f9200000| PB 0x00000007f9200000| Complete 
|1994|0x00000007f9400000, 0x00000007f9600000, 0x00000007f9600000|100%| E|CS|TAMS 0x00000007f9400000| PB 0x00000007f9400000| Complete 
|1995|0x00000007f9600000, 0x00000007f9800000, 0x00000007f9800000|100%| E|CS|TAMS 0x00000007f9600000| PB 0x00000007f9600000| Complete 
|1996|0x00000007f9800000, 0x00000007f9a00000, 0x00000007f9a00000|100%| E|CS|TAMS 0x00000007f9800000| PB 0x00000007f9800000| Complete 
|1997|0x00000007f9a00000, 0x00000007f9c00000, 0x00000007f9c00000|100%| E|CS|TAMS 0x00000007f9a00000| PB 0x00000007f9a00000| Complete 
|1998|0x00000007f9c00000, 0x00000007f9e00000, 0x00000007f9e00000|100%| E|CS|TAMS 0x00000007f9c00000| PB 0x00000007f9c00000| Complete 
|1999|0x00000007f9e00000, 0x00000007fa000000, 0x00000007fa000000|100%| E|CS|TAMS 0x00000007f9e00000| PB 0x00000007f9e00000| Complete 
|2000|0x00000007fa000000, 0x00000007fa200000, 0x00000007fa200000|100%| E|CS|TAMS 0x00000007fa000000| PB 0x00000007fa000000| Complete 
|2001|0x00000007fa200000, 0x00000007fa400000, 0x00000007fa400000|100%| E|CS|TAMS 0x00000007fa200000| PB 0x00000007fa200000| Complete 
|2002|0x00000007fa400000, 0x00000007fa600000, 0x00000007fa600000|100%| E|CS|TAMS 0x00000007fa400000| PB 0x00000007fa400000| Complete 
|2003|0x00000007fa600000, 0x00000007fa800000, 0x00000007fa800000|100%| E|CS|TAMS 0x00000007fa600000| PB 0x00000007fa600000| Complete 
|2004|0x00000007fa800000, 0x00000007faa00000, 0x00000007faa00000|100%| E|CS|TAMS 0x00000007fa800000| PB 0x00000007fa800000| Complete 
|2005|0x00000007faa00000, 0x00000007fac00000, 0x00000007fac00000|100%| E|CS|TAMS 0x00000007faa00000| PB 0x00000007faa00000| Complete 
|2006|0x00000007fac00000, 0x00000007fae00000, 0x00000007fae00000|100%| E|CS|TAMS 0x00000007fac00000| PB 0x00000007fac00000| Complete 
|2007|0x00000007fae00000, 0x00000007fb000000, 0x00000007fb000000|100%| E|CS|TAMS 0x00000007fae00000| PB 0x00000007fae00000| Complete 
|2008|0x00000007fb000000, 0x00000007fb200000, 0x00000007fb200000|100%| E|CS|TAMS 0x00000007fb000000| PB 0x00000007fb000000| Complete 
|2009|0x00000007fb200000, 0x00000007fb400000, 0x00000007fb400000|100%| E|CS|TAMS 0x00000007fb200000| PB 0x00000007fb200000| Complete 
|2010|0x00000007fb400000, 0x00000007fb600000, 0x00000007fb600000|100%| E|CS|TAMS 0x00000007fb400000| PB 0x00000007fb400000| Complete 
|2011|0x00000007fb600000, 0x00000007fb800000, 0x00000007fb800000|100%| E|CS|TAMS 0x00000007fb600000| PB 0x00000007fb600000| Complete 
|2012|0x00000007fb800000, 0x00000007fba00000, 0x00000007fba00000|100%| E|CS|TAMS 0x00000007fb800000| PB 0x00000007fb800000| Complete 
|2013|0x00000007fba00000, 0x00000007fbc00000, 0x00000007fbc00000|100%| E|CS|TAMS 0x00000007fba00000| PB 0x00000007fba00000| Complete 
|2014|0x00000007fbc00000, 0x00000007fbe00000, 0x00000007fbe00000|100%| E|CS|TAMS 0x00000007fbc00000| PB 0x00000007fbc00000| Complete 
|2015|0x00000007fbe00000, 0x00000007fc000000, 0x00000007fc000000|100%| E|CS|TAMS 0x00000007fbe00000| PB 0x00000007fbe00000| Complete 
|2016|0x00000007fc000000, 0x00000007fc200000, 0x00000007fc200000|100%| E|CS|TAMS 0x00000007fc000000| PB 0x00000007fc000000| Complete 
|2017|0x00000007fc200000, 0x00000007fc400000, 0x00000007fc400000|100%| E|CS|TAMS 0x00000007fc200000| PB 0x00000007fc200000| Complete 
|2018|0x00000007fc400000, 0x00000007fc600000, 0x00000007fc600000|100%| E|CS|TAMS 0x00000007fc400000| PB 0x00000007fc400000| Complete 
|2019|0x00000007fc600000, 0x00000007fc800000, 0x00000007fc800000|100%| E|CS|TAMS 0x00000007fc600000| PB 0x00000007fc600000| Complete 
|2020|0x00000007fc800000, 0x00000007fca00000, 0x00000007fca00000|100%| E|CS|TAMS 0x00000007fc800000| PB 0x00000007fc800000| Complete 
|2021|0x00000007fca00000, 0x00000007fcc00000, 0x00000007fcc00000|100%| E|CS|TAMS 0x00000007fca00000| PB 0x00000007fca00000| Complete 
|2022|0x00000007fcc00000, 0x00000007fce00000, 0x00000007fce00000|100%| O|  |TAMS 0x00000007fcc00000| PB 0x00000007fcc00000| Untracked 
|2023|0x00000007fce00000, 0x00000007fd000000, 0x00000007fd000000|100%| E|CS|TAMS 0x00000007fce00000| PB 0x00000007fce00000| Complete 
|2024|0x00000007fd000000, 0x00000007fd200000, 0x00000007fd200000|100%| E|CS|TAMS 0x00000007fd000000| PB 0x00000007fd000000| Complete 
|2025|0x00000007fd200000, 0x00000007fd400000, 0x00000007fd400000|100%| E|CS|TAMS 0x00000007fd200000| PB 0x00000007fd200000| Complete 
|2026|0x00000007fd400000, 0x00000007fd600000, 0x00000007fd600000|100%| E|CS|TAMS 0x00000007fd400000| PB 0x00000007fd400000| Complete 
|2027|0x00000007fd600000, 0x00000007fd800000, 0x00000007fd800000|100%| E|CS|TAMS 0x00000007fd600000| PB 0x00000007fd600000| Complete 
|2028|0x00000007fd800000, 0x00000007fda00000, 0x00000007fda00000|100%| E|CS|TAMS 0x00000007fd800000| PB 0x00000007fd800000| Complete 
|2029|0x00000007fda00000, 0x00000007fdc00000, 0x00000007fdc00000|100%| E|CS|TAMS 0x00000007fda00000| PB 0x00000007fda00000| Complete 
|2030|0x00000007fdc00000, 0x00000007fde00000, 0x00000007fde00000|100%| E|CS|TAMS 0x00000007fdc00000| PB 0x00000007fdc00000| Complete 
|2031|0x00000007fde00000, 0x00000007fe000000, 0x00000007fe000000|100%| E|CS|TAMS 0x00000007fde00000| PB 0x00000007fde00000| Complete 
|2032|0x00000007fe000000, 0x00000007fe200000, 0x00000007fe200000|100%| E|CS|TAMS 0x00000007fe000000| PB 0x00000007fe000000| Complete 
|2033|0x00000007fe200000, 0x00000007fe400000, 0x00000007fe400000|100%| E|CS|TAMS 0x00000007fe200000| PB 0x00000007fe200000| Complete 
|2034|0x00000007fe400000, 0x00000007fe600000, 0x00000007fe600000|100%| E|CS|TAMS 0x00000007fe400000| PB 0x00000007fe400000| Complete 
|2035|0x00000007fe600000, 0x00000007fe800000, 0x00000007fe800000|100%| E|CS|TAMS 0x00000007fe600000| PB 0x00000007fe600000| Complete 
|2036|0x00000007fe800000, 0x00000007fea00000, 0x00000007fea00000|100%| E|CS|TAMS 0x00000007fe800000| PB 0x00000007fe800000| Complete 
|2037|0x00000007fea00000, 0x00000007fec00000, 0x00000007fec00000|100%| O|  |TAMS 0x00000007fea00000| PB 0x00000007fea00000| Untracked 
|2038|0x00000007fec00000, 0x00000007fee00000, 0x00000007fee00000|100%| E|CS|TAMS 0x00000007fec00000| PB 0x00000007fec00000| Complete 
|2039|0x00000007fee00000, 0x00000007ff000000, 0x00000007ff000000|100%| E|CS|TAMS 0x00000007fee00000| PB 0x00000007fee00000| Complete 
|2040|0x00000007ff000000, 0x00000007ff200000, 0x00000007ff200000|100%| E|CS|TAMS 0x00000007ff000000| PB 0x00000007ff000000| Complete 
|2041|0x00000007ff200000, 0x00000007ff400000, 0x00000007ff400000|100%| E|CS|TAMS 0x00000007ff200000| PB 0x00000007ff200000| Complete 
|2042|0x00000007ff400000, 0x00000007ff600000, 0x00000007ff600000|100%| E|CS|TAMS 0x00000007ff400000| PB 0x00000007ff400000| Complete 
|2043|0x00000007ff600000, 0x00000007ff800000, 0x00000007ff800000|100%| E|CS|TAMS 0x00000007ff600000| PB 0x00000007ff600000| Complete 
|2044|0x00000007ff800000, 0x00000007ffa00000, 0x00000007ffa00000|100%| O|  |TAMS 0x00000007ff800000| PB 0x00000007ff800000| Untracked 
|2045|0x00000007ffa00000, 0x00000007ffc00000, 0x00000007ffc00000|100%| O|  |TAMS 0x00000007ffa00000| PB 0x00000007ffa00000| Untracked 
|2046|0x00000007ffc00000, 0x00000007ffe00000, 0x00000007ffe00000|100%| O|  |TAMS 0x00000007ffc00000| PB 0x00000007ffc00000| Untracked 
|2047|0x00000007ffe00000, 0x0000000800000000, 0x0000000800000000|100%| O|  |TAMS 0x00000007ffe00000| PB 0x00000007ffe00000| Untracked 

Card table byte_map: [0x000001f956090000,0x000001f956890000] _byte_map_base: 0x000001f952890000

Marking Bits: (CMBitMap*) 0x000001f93ceb6730
 Bits: [0x000001f956890000, 0x000001f95a890000)

Polling page: 0x000001f93ac80000

Metaspace:

Usage:
  Non-class:    279.22 MB used.
      Class:     38.23 MB used.
       Both:    317.45 MB used.

Virtual space:
  Non-class space:      320.00 MB reserved,     280.25 MB ( 88%) committed,  5 nodes.
      Class space:        1.00 GB reserved,      39.19 MB (  4%) committed,  1 nodes.
             Both:        1.31 GB reserved,     319.44 MB ( 24%) committed. 

Chunk freelists:
   Non-Class:  7.78 MB
       Class:  8.87 MB
        Both:  16.66 MB

MaxMetaspaceSize: unlimited
CompressedClassSpaceSize: 1.00 GB
Initial GC threshold: 21.00 MB
Current GC threshold: 510.12 MB
CDS: on
 - commit_granule_bytes: 65536.
 - commit_granule_words: 8192.
 - virtual_space_node_default_size: 8388608.
 - enlarge_chunks_in_place: 1.
 - use_allocation_guard: 0.


Internal statistics:

num_allocs_failed_limit: 6.
num_arena_births: 8240.
num_arena_deaths: 4956.
num_vsnodes_births: 6.
num_vsnodes_deaths: 0.
num_space_committed: 5118.
num_space_uncommitted: 9.
num_chunks_returned_to_freelist: 6293.
num_chunks_taken_from_freelist: 24655.
num_chunk_merges: 2430.
num_chunk_splits: 15390.
num_chunks_enlarged: 10552.
num_inconsistent_stats: 0.

CodeHeap 'non-profiled nmethods': size=120000Kb used=35298Kb max_used=35298Kb free=84701Kb
 bounds [0x000001f94e250000, 0x000001f9504d0000, 0x000001f955780000]
CodeHeap 'profiled nmethods': size=120000Kb used=74882Kb max_used=74882Kb free=45117Kb
 bounds [0x000001f946780000, 0x000001f94b0b0000, 0x000001f94dcb0000]
CodeHeap 'non-nmethods': size=5760Kb used=2589Kb max_used=2661Kb free=3170Kb
 bounds [0x000001f94dcb0000, 0x000001f94df60000, 0x000001f94e250000]
CodeCache: size=245760Kb, used=112769Kb, max_used=112841Kb, free=132988Kb
 total_blobs=32884, nmethods=31526, adapters=1258, full_count=0
Compilation: enabled, stopped_count=0, restarted_count=0

Compilation events (20 events):
Event: 6008.708 Thread 0x000001f95cc8e3d0 nmethod 74177 0x000001f94b0a9e90 code [0x000001f94b0aa040, 0x000001f94b0aa1e8]
Event: 6008.708 Thread 0x000001f95cc8e3d0 74178       3       org.jetbrains.kotlin.com.intellij.util.messages.impl.BaseBusConnection::<init> (6 bytes)
Event: 6008.708 Thread 0x000001f95cc8e3d0 nmethod 74178 0x000001f94b0aa290 code [0x000001f94b0aa460, 0x000001f94b0aa878]
Event: 6008.708 Thread 0x000001f95cc8e3d0 74179       3       org.jetbrains.kotlin.com.intellij.util.messages.impl.BaseBusConnection::<init> (24 bytes)
Event: 6008.708 Thread 0x000001f95cc8e3d0 nmethod 74179 0x000001f94b0aaa10 code [0x000001f94b0aabe0, 0x000001f94b0aaf98]
Event: 6008.710 Thread 0x000001f95cc8e3d0 74181       3       kotlin.collections.ArraysKt___ArraysKt::asIterable (38 bytes)
Event: 6008.710 Thread 0x000001f95cc8e3d0 nmethod 74181 0x000001f94b0ab110 code [0x000001f94b0ab360, 0x000001f94b0abb60]
Event: 6008.710 Thread 0x000001f95cc8e3d0 74182       3       kotlin.collections.ArraysKt___ArraysKt$asIterable$$inlined$Iterable$1::<init> (10 bytes)
Event: 6008.710 Thread 0x000001f95cc8e3d0 nmethod 74182 0x000001f94b0abe10 code [0x000001f94b0abfc0, 0x000001f94b0ac190]
Event: 6008.711 Thread 0x000001f95cc8e3d0 74183       3       org.jetbrains.kotlin.com.intellij.lang.impl.MarkerOptionalData::assignBinder (51 bytes)
Event: 6008.711 Thread 0x000001f95cc8e3d0 nmethod 74183 0x000001f94b0ac290 code [0x000001f94b0ac4a0, 0x000001f94b0acb38]
Event: 6008.721 Thread 0x000001f95cc89720 nmethod 73927 0x000001f9504c5b90 code [0x000001f9504c5da0, 0x000001f9504c6c70]
Event: 6008.721 Thread 0x000001f95cc89720 74184       4       org.jetbrains.kotlin.com.intellij.psi.impl.source.tree.LeafElement::getTextLength (10 bytes)
Event: 6008.722 Thread 0x000001f95cc89720 nmethod 74184 0x000001f9504c6f90 code [0x000001f9504c7120, 0x000001f9504c7210]
Event: 6008.722 Thread 0x000001f95cc89720 74180       4       org.jetbrains.kotlin.load.java.structure.impl.classFiles.BinaryJavaAnnotation$Companion::createAnnotationAndVisitor (69 bytes)
Event: 6008.734 Thread 0x000001f95cc89720 nmethod 74180 0x000001f9504c7310 code [0x000001f9504c7540, 0x000001f9504c84d0]
Event: 6008.777 Thread 0x000001f95cc8e3d0 74185       3       org.jetbrains.kotlin.cli.jvm.compiler.jarfs.FastJarHandler::lambda$0$0 (20 bytes)
Event: 6008.777 Thread 0x000001f95cc8e3d0 nmethod 74185 0x000001f94b0acd90 code [0x000001f94b0acf60, 0x000001f94b0ad138]
Event: 6008.778 Thread 0x000001f95cc8e3d0 74186       3       org.jetbrains.kotlin.cli.jvm.compiler.jarfs.FastJarHandler$$Lambda/0x000001f95fe8c508::invoke (22 bytes)
Event: 6008.778 Thread 0x000001f95cc8e3d0 nmethod 74186 0x000001f94b0ad290 code [0x000001f94b0ad460, 0x000001f94b0ad7d0]

GC Heap History (20 events):
Event: 1617.019 GC heap after
{Heap after GC invocations=117 (full 0):
 garbage-first heap   total 1013760K, used 454656K [0x0000000700000000, 0x0000000800000000)
  region size 2048K, 16 young (32768K), 16 survivors (32768K)
 Metaspace       used 294224K, committed 298176K, reserved 1310720K
  class space    used 35547K, committed 37504K, reserved 1048576K
}
Event: 1642.240 GC heap before
{Heap before GC invocations=118 (full 0):
 garbage-first heap   total 1013760K, used 927744K [0x0000000700000000, 0x0000000800000000)
  region size 2048K, 232 young (475136K), 16 survivors (32768K)
 Metaspace       used 294656K, committed 298560K, reserved 1310720K
  class space    used 35560K, committed 37504K, reserved 1048576K
}
Event: 1642.271 GC heap after
{Heap after GC invocations=119 (full 0):
 garbage-first heap   total 1032192K, used 484173K [0x0000000700000000, 0x0000000800000000)
  region size 2048K, 29 young (59392K), 29 survivors (59392K)
 Metaspace       used 294656K, committed 298560K, reserved 1310720K
  class space    used 35560K, committed 37504K, reserved 1048576K
}
Event: 1645.546 GC heap before
{Heap before GC invocations=119 (full 0):
 garbage-first heap   total 1032192K, used 889677K [0x0000000700000000, 0x0000000800000000)
  region size 2048K, 224 young (458752K), 29 survivors (59392K)
 Metaspace       used 295442K, committed 299392K, reserved 1310720K
  class space    used 35579K, committed 37568K, reserved 1048576K
}
Event: 1645.583 GC heap after
{Heap after GC invocations=120 (full 0):
 garbage-first heap   total 1032192K, used 463872K [0x0000000700000000, 0x0000000800000000)
  region size 2048K, 11 young (22528K), 11 survivors (22528K)
 Metaspace       used 295442K, committed 299392K, reserved 1310720K
  class space    used 35579K, committed 37568K, reserved 1048576K
}
Event: 1647.463 GC heap before
{Heap before GC invocations=120 (full 0):
 garbage-first heap   total 1032192K, used 717824K [0x0000000700000000, 0x0000000800000000)
  region size 2048K, 136 young (278528K), 11 survivors (22528K)
 Metaspace       used 295481K, committed 299392K, reserved 1310720K
  class space    used 35583K, committed 37568K, reserved 1048576K
}
Event: 1647.482 GC heap after
{Heap after GC invocations=121 (full 0):
 garbage-first heap   total 1032192K, used 485376K [0x0000000700000000, 0x0000000800000000)
  region size 2048K, 21 young (43008K), 21 survivors (43008K)
 Metaspace       used 295481K, committed 299392K, reserved 1310720K
  class space    used 35583K, committed 37568K, reserved 1048576K
}
Event: 1649.443 GC heap before
{Heap before GC invocations=122 (full 0):
 garbage-first heap   total 1032192K, used 897024K [0x0000000700000000, 0x0000000800000000)
  region size 2048K, 223 young (456704K), 21 survivors (43008K)
 Metaspace       used 295516K, committed 299456K, reserved 1310720K
  class space    used 35576K, committed 37568K, reserved 1048576K
}
Event: 1649.471 GC heap after
{Heap after GC invocations=123 (full 0):
 garbage-first heap   total 1032192K, used 496722K [0x0000000700000000, 0x0000000800000000)
  region size 2048K, 28 young (57344K), 28 survivors (57344K)
 Metaspace       used 295516K, committed 299456K, reserved 1310720K
  class space    used 35576K, committed 37568K, reserved 1048576K
}
Event: 1650.682 GC heap before
{Heap before GC invocations=123 (full 0):
 garbage-first heap   total 1032192K, used 937042K [0x0000000700000000, 0x0000000800000000)
  region size 2048K, 226 young (462848K), 28 survivors (57344K)
 Metaspace       used 295559K, committed 299456K, reserved 1310720K
  class space    used 35578K, committed 37568K, reserved 1048576K
}
Event: 1650.717 GC heap after
{Heap after GC invocations=124 (full 0):
 garbage-first heap   total 1046528K, used 453632K [0x0000000700000000, 0x0000000800000000)
  region size 2048K, 13 young (26624K), 13 survivors (26624K)
 Metaspace       used 295559K, committed 299456K, reserved 1310720K
  class space    used 35578K, committed 37568K, reserved 1048576K
}
Event: 6002.406 GC heap before
{Heap before GC invocations=124 (full 0):
 garbage-first heap   total 1046528K, used 973824K [0x0000000700000000, 0x0000000800000000)
  region size 2048K, 239 young (489472K), 13 survivors (26624K)
 Metaspace       used 296213K, committed 300224K, reserved 1376256K
  class space    used 35633K, committed 37632K, reserved 1048576K
}
Event: 6002.459 GC heap after
{Heap after GC invocations=125 (full 0):
 garbage-first heap   total 1046528K, used 444396K [0x0000000700000000, 0x0000000800000000)
  region size 2048K, 14 young (28672K), 14 survivors (28672K)
 Metaspace       used 296213K, committed 300224K, reserved 1376256K
  class space    used 35633K, committed 37632K, reserved 1048576K
}
Event: 6004.043 GC heap before
{Heap before GC invocations=125 (full 0):
 garbage-first heap   total 1046528K, used 780268K [0x0000000700000000, 0x0000000800000000)
  region size 2048K, 180 young (368640K), 14 survivors (28672K)
 Metaspace       used 310138K, committed 314176K, reserved 1376256K
  class space    used 37256K, committed 39296K, reserved 1048576K
}
Event: 6004.056 GC heap after
{Heap after GC invocations=126 (full 0):
 garbage-first heap   total 1046528K, used 452608K [0x0000000700000000, 0x0000000800000000)
  region size 2048K, 18 young (36864K), 18 survivors (36864K)
 Metaspace       used 310138K, committed 314176K, reserved 1376256K
  class space    used 37256K, committed 39296K, reserved 1048576K
}
Event: 6005.802 GC heap before
{Heap before GC invocations=127 (full 0):
 garbage-first heap   total 1046528K, used 909312K [0x0000000700000000, 0x0000000800000000)
  region size 2048K, 257 young (526336K), 18 survivors (36864K)
 Metaspace       used 313889K, committed 316608K, reserved 1376256K
  class space    used 37466K, committed 39168K, reserved 1048576K
}
Event: 6005.841 GC heap after
{Heap after GC invocations=128 (full 0):
 garbage-first heap   total 1046528K, used 462804K [0x0000000700000000, 0x0000000800000000)
  region size 2048K, 33 young (67584K), 33 survivors (67584K)
 Metaspace       used 313889K, committed 316608K, reserved 1376256K
  class space    used 37466K, committed 39168K, reserved 1048576K
}
Event: 6007.511 GC heap before
{Heap before GC invocations=128 (full 0):
 garbage-first heap   total 1046528K, used 931796K [0x0000000700000000, 0x0000000800000000)
  region size 2048K, 259 young (530432K), 33 survivors (67584K)
 Metaspace       used 324554K, committed 326528K, reserved 1376256K
  class space    used 39134K, committed 40064K, reserved 1048576K
}
Event: 6007.571 GC heap after
{Heap after GC invocations=129 (full 0):
 garbage-first heap   total 1069056K, used 422912K [0x0000000700000000, 0x0000000800000000)
  region size 2048K, 16 young (32768K), 16 survivors (32768K)
 Metaspace       used 324554K, committed 326528K, reserved 1376256K
  class space    used 39134K, committed 40064K, reserved 1048576K
}
Event: 6008.788 GC heap before
{Heap before GC invocations=129 (full 0):
 garbage-first heap   total 1069056K, used 945152K [0x0000000700000000, 0x0000000800000000)
  region size 2048K, 268 young (548864K), 16 survivors (32768K)
 Metaspace       used 325072K, committed 327104K, reserved 1376256K
  class space    used 39146K, committed 40128K, reserved 1048576K
}

Dll operation events (15 events):
Event: 0.020 Loaded shared library C:\Users\Tushar\.gradle\jdks\azul_systems__inc_-21-amd64-windows.2\bin\java.dll
Event: 0.050 Loaded shared library C:\Users\Tushar\.gradle\jdks\azul_systems__inc_-21-amd64-windows.2\bin\jsvml.dll
Event: 0.083 Loaded shared library C:\Users\Tushar\.gradle\jdks\azul_systems__inc_-21-amd64-windows.2\bin\zip.dll
Event: 0.087 Loaded shared library C:\Users\Tushar\.gradle\jdks\azul_systems__inc_-21-amd64-windows.2\bin\instrument.dll
Event: 0.092 Loaded shared library C:\Users\Tushar\.gradle\jdks\azul_systems__inc_-21-amd64-windows.2\bin\net.dll
Event: 0.094 Loaded shared library C:\Users\Tushar\.gradle\jdks\azul_systems__inc_-21-amd64-windows.2\bin\nio.dll
Event: 0.096 Loaded shared library C:\Users\Tushar\.gradle\jdks\azul_systems__inc_-21-amd64-windows.2\bin\zip.dll
Event: 0.295 Loaded shared library C:\Users\Tushar\.gradle\jdks\azul_systems__inc_-21-amd64-windows.2\bin\jimage.dll
Event: 0.500 Loaded shared library C:\Users\Tushar\.gradle\jdks\azul_systems__inc_-21-amd64-windows.2\bin\verify.dll
Event: 0.521 Loaded shared library C:\Users\Tushar\.gradle\native\660c5614fbf4a5f2a75b1949f50a0caf5cd603558e7d8a26e50b933a0cfb79d1\windows-amd64\native-platform.dll
Event: 0.535 Loaded shared library C:\Users\Tushar\.gradle\native\0.2.8\x86_64-windows-gnu\gradle-fileevents.dll
Event: 1.369 Loaded shared library C:\Users\Tushar\.gradle\jdks\azul_systems__inc_-21-amd64-windows.2\bin\management.dll
Event: 1.371 Loaded shared library C:\Users\Tushar\.gradle\jdks\azul_systems__inc_-21-amd64-windows.2\bin\management_ext.dll
Event: 1.487 Loaded shared library C:\Users\Tushar\.gradle\jdks\azul_systems__inc_-21-amd64-windows.2\bin\extnet.dll
Event: 1.627 Loaded shared library C:\Users\Tushar\.gradle\jdks\azul_systems__inc_-21-amd64-windows.2\bin\sunmscapi.dll

Deoptimization events (20 events):
Event: 6006.973 Thread 0x000001f9a6095100 Uncommon trap: trap_request=0xffffff45 fr.pc=0x000001f94f7d7670 relative=0x00000000000017d0
Event: 6006.973 Thread 0x000001f9a6095100 Uncommon trap: reason=unstable_if action=reinterpret pc=0x000001f94f7d7670 method=org.jetbrains.kotlin.types.AbstractTypeChecker.checkSubtypeForIntegerLiteralType(Lorg/jetbrains/kotlin/types/TypeCheckerState;Lorg/jetbrains/kotlin/types/model/TypeSystemCon
Event: 6006.973 Thread 0x000001f9a6095100 DEOPT PACKING pc=0x000001f94f7d7670 sp=0x000000b155bea120
Event: 6006.973 Thread 0x000001f9a6095100 DEOPT UNPACKING pc=0x000001f94dd04422 sp=0x000000b155bea088 mode 2
Event: 6007.309 Thread 0x000001f9a6095100 DEOPT PACKING pc=0x000001f9492083d3 sp=0x000000b155bf7270
Event: 6007.309 Thread 0x000001f9a6095100 DEOPT UNPACKING pc=0x000001f94dd04bc2 sp=0x000000b155bf66e0 mode 0
Event: 6008.491 Thread 0x000001f9a6095100 Uncommon trap: trap_request=0xffffff45 fr.pc=0x000001f9502cac24 relative=0x00000000000000e4
Event: 6008.491 Thread 0x000001f9a6095100 Uncommon trap: reason=unstable_if action=reinterpret pc=0x000001f9502cac24 method=org.jetbrains.kotlin.types.AbstractTypeChecker.checkSubtypeForIntegerLiteralType(Lorg/jetbrains/kotlin/types/TypeCheckerState;Lorg/jetbrains/kotlin/types/model/TypeSystemCon
Event: 6008.491 Thread 0x000001f9a6095100 DEOPT PACKING pc=0x000001f9502cac24 sp=0x000000b155be9a60
Event: 6008.491 Thread 0x000001f9a6095100 DEOPT UNPACKING pc=0x000001f94dd04422 sp=0x000000b155be99f8 mode 2
Event: 6008.514 Thread 0x000001f9a6095100 DEOPT PACKING pc=0x000001f9478125da sp=0x000000b155bea420
Event: 6008.514 Thread 0x000001f9a6095100 DEOPT UNPACKING pc=0x000001f94dd04bc2 sp=0x000000b155be9970 mode 0
Event: 6008.633 Thread 0x000001f9a6095100 Uncommon trap: trap_request=0xffffffde fr.pc=0x000001f94ec812c0 relative=0x0000000000000720
Event: 6008.633 Thread 0x000001f9a6095100 Uncommon trap: reason=class_check action=maybe_recompile pc=0x000001f94ec812c0 method=org.jetbrains.kotlin.it.unimi.dsi.fastutil.objects.Object2ObjectOpenHashMap.insert(ILjava/lang/Object;Ljava/lang/Object;)V @ 59 c2
Event: 6008.633 Thread 0x000001f9a6095100 DEOPT PACKING pc=0x000001f94ec812c0 sp=0x000000b155bf40c0
Event: 6008.633 Thread 0x000001f9a6095100 DEOPT UNPACKING pc=0x000001f94dd04422 sp=0x000000b155bf4008 mode 2
Event: 6008.703 Thread 0x000001f9a6095100 Uncommon trap: trap_request=0xffffffde fr.pc=0x000001f94e704a5c relative=0x00000000000000bc
Event: 6008.703 Thread 0x000001f9a6095100 Uncommon trap: reason=class_check action=maybe_recompile pc=0x000001f94e704a5c method=java.lang.Character.isWhitespace(I)Z @ 5 c2
Event: 6008.703 Thread 0x000001f9a6095100 DEOPT PACKING pc=0x000001f94e704a5c sp=0x000000b155bf4e40
Event: 6008.703 Thread 0x000001f9a6095100 DEOPT UNPACKING pc=0x000001f94dd04422 sp=0x000000b155bf4d78 mode 2

Classes loaded (20 events):
Event: 712.505 Loading class sun/security/ssl/PreSharedKeyExtension$PartialClientHelloMessage
Event: 712.505 Loading class sun/security/ssl/PreSharedKeyExtension$PartialClientHelloMessage done
Event: 712.505 Loading class sun/security/ssl/SSLEngineOutputRecord
Event: 712.505 Loading class sun/security/ssl/SSLEngineOutputRecord done
Event: 712.505 Loading class sun/security/ssl/SSLEngineOutputRecord$HandshakeFragment
Event: 712.505 Loading class sun/security/ssl/SSLEngineOutputRecord$HandshakeFragment done
Event: 712.505 Loading class sun/security/ssl/SSLEngineOutputRecord$HandshakeMemo
Event: 712.505 Loading class sun/security/ssl/SSLEngineOutputRecord$RecordMemo
Event: 712.505 Loading class sun/security/ssl/SSLEngineOutputRecord$RecordMemo done
Event: 712.505 Loading class sun/security/ssl/SSLEngineOutputRecord$HandshakeMemo done
Event: 712.519 Loading class sun/security/ssl/PreSharedKeyExtension$SHPreSharedKeySpec
Event: 712.519 Loading class sun/security/ssl/PreSharedKeyExtension$SHPreSharedKeySpec done
Event: 717.753 Loading class sun/security/ssl/Alert
Event: 717.753 Loading class sun/security/ssl/Alert done
Event: 717.753 Loading class sun/security/ssl/Alert$AlertConsumer
Event: 717.753 Loading class sun/security/ssl/Alert$AlertConsumer done
Event: 717.753 Loading class sun/security/ssl/Alert$Level
Event: 717.753 Loading class sun/security/ssl/Alert$Level done
Event: 718.352 Loading class java/lang/invoke/MethodHandleImpl$CountingWrapper$1
Event: 718.352 Loading class java/lang/invoke/MethodHandleImpl$CountingWrapper$1 done

Classes unloaded (20 events):
Event: 6004.315 Thread 0x000001f95cc4fc10 Unloading class 0x000001f95f0ed000 'java/lang/invoke/LambdaForm$MH+0x000001f95f0ed000'
Event: 6004.315 Thread 0x000001f95cc4fc10 Unloading class 0x000001f95f0ecc00 'java/lang/invoke/LambdaForm$MH+0x000001f95f0ecc00'
Event: 6004.315 Thread 0x000001f95cc4fc10 Unloading class 0x000001f95f0ec800 'java/lang/invoke/LambdaForm$MH+0x000001f95f0ec800'
Event: 6004.315 Thread 0x000001f95cc4fc10 Unloading class 0x000001f95f0e4800 'java/lang/invoke/LambdaForm$MH+0x000001f95f0e4800'
Event: 6004.315 Thread 0x000001f95cc4fc10 Unloading class 0x000001f95f0e4400 'java/lang/invoke/LambdaForm$MH+0x000001f95f0e4400'
Event: 6004.315 Thread 0x000001f95cc4fc10 Unloading class 0x000001f95f0e4000 'java/lang/invoke/LambdaForm$BMH+0x000001f95f0e4000'
Event: 6004.315 Thread 0x000001f95cc4fc10 Unloading class 0x000001f95f0b9400 'java/lang/invoke/LambdaForm$MH+0x000001f95f0b9400'
Event: 6004.315 Thread 0x000001f95cc4fc10 Unloading class 0x000001f95f0b9000 'java/lang/invoke/LambdaForm$MH+0x000001f95f0b9000'
Event: 6004.315 Thread 0x000001f95cc4fc10 Unloading class 0x000001f95f0b8c00 'java/lang/invoke/LambdaForm$MH+0x000001f95f0b8c00'
Event: 6004.315 Thread 0x000001f95cc4fc10 Unloading class 0x000001f95f0a5800 'java/lang/invoke/LambdaForm$MH+0x000001f95f0a5800'
Event: 6004.315 Thread 0x000001f95cc4fc10 Unloading class 0x000001f95f0a5000 'java/lang/invoke/LambdaForm$MH+0x000001f95f0a5000'
Event: 6004.315 Thread 0x000001f95cc4fc10 Unloading class 0x000001f95f0a4c00 'java/lang/invoke/LambdaForm$MH+0x000001f95f0a4c00'
Event: 6004.315 Thread 0x000001f95cc4fc10 Unloading class 0x000001f95f03e000 'java/lang/invoke/LambdaForm$MH+0x000001f95f03e000'
Event: 6004.315 Thread 0x000001f95cc4fc10 Unloading class 0x000001f95f03dc00 'java/lang/invoke/LambdaForm$MH+0x000001f95f03dc00'
Event: 6004.315 Thread 0x000001f95cc4fc10 Unloading class 0x000001f95f03d800 'java/lang/invoke/LambdaForm$MH+0x000001f95f03d800'
Event: 6004.315 Thread 0x000001f95cc4fc10 Unloading class 0x000001f95f03c000 'java/lang/invoke/LambdaForm$MH+0x000001f95f03c000'
Event: 6004.315 Thread 0x000001f95cc4fc10 Unloading class 0x000001f95f002400 'java/lang/invoke/LambdaForm$MH+0x000001f95f002400'
Event: 6004.315 Thread 0x000001f95cc4fc10 Unloading class 0x000001f95f002000 'java/lang/invoke/LambdaForm$MH+0x000001f95f002000'
Event: 6004.315 Thread 0x000001f95cc4fc10 Unloading class 0x000001f95f001c00 'java/lang/invoke/LambdaForm$MH+0x000001f95f001c00'
Event: 6004.315 Thread 0x000001f95cc4fc10 Unloading class 0x000001f95f001400 'java/lang/invoke/LambdaForm$MH+0x000001f95f001400'

Classes redefined (0 events):
No events

Internal exceptions (20 events):
Event: 6007.796 Thread 0x000001f9a6095100 Exception <a 'sun/nio/fs/WindowsException'{0x00000007f65f6e50}> (0x00000007f65f6e50) 
thrown [s\src\hotspot\share\prims\jni.cpp, line 520]
Event: 6007.799 Thread 0x000001f9a6095100 Exception <a 'sun/nio/fs/WindowsException'{0x00000007f622b1e8}> (0x00000007f622b1e8) 
thrown [s\src\hotspot\share\prims\jni.cpp, line 520]
Event: 6007.834 Thread 0x000001f9a6095100 Exception <a 'sun/nio/fs/WindowsException'{0x00000007f61f5fb8}> (0x00000007f61f5fb8) 
thrown [s\src\hotspot\share\prims\jni.cpp, line 520]
Event: 6007.836 Thread 0x000001f9a6095100 Exception <a 'java/io/FileNotFoundException'{0x00000007f61fbb40}> (0x00000007f61fbb40) 
thrown [s\src\hotspot\share\prims\jni.cpp, line 520]
Event: 6008.284 Thread 0x000001f9a6095100 Exception <a 'sun/nio/fs/WindowsException'{0x00000007331310f8}> (0x00000007331310f8) 
thrown [s\src\hotspot\share\prims\jni.cpp, line 520]
Event: 6008.285 Thread 0x000001f9a6095100 Exception <a 'java/io/FileNotFoundException'{0x0000000733136d00}> (0x0000000733136d00) 
thrown [s\src\hotspot\share\prims\jni.cpp, line 520]
Event: 6008.290 Thread 0x000001f9a6095100 Exception <a 'sun/nio/fs/WindowsException'{0x0000000733173f08}> (0x0000000733173f08) 
thrown [s\src\hotspot\share\prims\jni.cpp, line 520]
Event: 6008.290 Thread 0x000001f9a6095100 Exception <a 'sun/nio/fs/WindowsException'{0x00000007331761a0}> (0x00000007331761a0) 
thrown [s\src\hotspot\share\prims\jni.cpp, line 520]
Event: 6008.638 Thread 0x000001f9a6095100 Exception <a 'sun/nio/fs/WindowsException'{0x0000000725664a68}> (0x0000000725664a68) 
thrown [s\src\hotspot\share\prims\jni.cpp, line 520]
Event: 6008.639 Thread 0x000001f9a6095100 Exception <a 'sun/nio/fs/WindowsException'{0x0000000725666bd0}> (0x0000000725666bd0) 
thrown [s\src\hotspot\share\prims\jni.cpp, line 520]
Event: 6008.639 Thread 0x000001f9a6095100 Exception <a 'sun/nio/fs/WindowsException'{0x000000072567a140}> (0x000000072567a140) 
thrown [s\src\hotspot\share\prims\jni.cpp, line 520]
Event: 6008.640 Thread 0x000001f9a6095100 Exception <a 'sun/nio/fs/WindowsException'{0x000000072568ee18}> (0x000000072568ee18) 
thrown [s\src\hotspot\share\prims\jni.cpp, line 520]
Event: 6008.641 Thread 0x000001f9a6095100 Exception <a 'sun/nio/fs/WindowsException'{0x00000007256a0778}> (0x00000007256a0778) 
thrown [s\src\hotspot\share\prims\jni.cpp, line 520]
Event: 6008.642 Thread 0x000001f9a6095100 Exception <a 'sun/nio/fs/WindowsException'{0x00000007256a93d0}> (0x00000007256a93d0) 
thrown [s\src\hotspot\share\prims\jni.cpp, line 520]
Event: 6008.644 Thread 0x000001f9a6095100 Exception <a 'sun/nio/fs/WindowsException'{0x00000007256b0d28}> (0x00000007256b0d28) 
thrown [s\src\hotspot\share\prims\jni.cpp, line 520]
Event: 6008.648 Thread 0x000001f9a6095100 Exception <a 'sun/nio/fs/WindowsException'{0x00000007256bc670}> (0x00000007256bc670) 
thrown [s\src\hotspot\share\prims\jni.cpp, line 520]
Event: 6008.699 Thread 0x000001f9a6095100 Exception <a 'sun/nio/fs/WindowsException'{0x0000000724fe9d08}> (0x0000000724fe9d08) 
thrown [s\src\hotspot\share\prims\jni.cpp, line 520]
Event: 6008.701 Thread 0x000001f9a6095100 Exception <a 'java/io/FileNotFoundException'{0x0000000724fef668}> (0x0000000724fef668) 
thrown [s\src\hotspot\share\prims\jni.cpp, line 520]
Event: 6008.707 Thread 0x000001f9a6095100 Exception <a 'sun/nio/fs/WindowsException'{0x0000000724c4b900}> (0x0000000724c4b900) 
thrown [s\src\hotspot\share\prims\jni.cpp, line 520]
Event: 6008.707 Thread 0x000001f9a6095100 Exception <a 'sun/nio/fs/WindowsException'{0x0000000724c4db98}> (0x0000000724c4db98) 
thrown [s\src\hotspot\share\prims\jni.cpp, line 520]

ZGC Phase Switch (0 events):
No events

VM Operations (20 events):
Event: 6004.412 Executing safepoint VM operation: G1PauseRemark done
Event: 6004.526 Executing safepoint VM operation: G1PauseCleanup
Event: 6004.527 Executing safepoint VM operation: G1PauseCleanup done
Event: 6004.903 Executing safepoint VM operation: ICBufferFull
Event: 6004.903 Executing safepoint VM operation: ICBufferFull done
Event: 6005.587 Executing safepoint VM operation: ICBufferFull
Event: 6005.588 Executing safepoint VM operation: ICBufferFull done
Event: 6005.802 Executing safepoint VM operation: G1CollectForAllocation (G1 Evacuation Pause)
Event: 6005.841 Executing safepoint VM operation: G1CollectForAllocation (G1 Evacuation Pause) done
Event: 6006.447 Executing safepoint VM operation: ICBufferFull
Event: 6006.448 Executing safepoint VM operation: ICBufferFull done
Event: 6007.101 Executing safepoint VM operation: ICBufferFull
Event: 6007.101 Executing safepoint VM operation: ICBufferFull done
Event: 6007.511 Executing safepoint VM operation: G1CollectForAllocation (G1 Evacuation Pause)
Event: 6007.571 Executing safepoint VM operation: G1CollectForAllocation (G1 Evacuation Pause) done
Event: 6008.389 Executing safepoint VM operation: ICBufferFull
Event: 6008.389 Executing safepoint VM operation: ICBufferFull done
Event: 6008.562 Executing safepoint VM operation: ICBufferFull
Event: 6008.562 Executing safepoint VM operation: ICBufferFull done
Event: 6008.788 Executing safepoint VM operation: G1CollectForAllocation (G1 Evacuation Pause)

Memory protections (0 events):
No events

Nmethod flushes (20 events):
Event: 6004.403 Thread 0x000001f95cc4fc10 flushing  nmethod 0x000001f94a8eaa10
Event: 6004.403 Thread 0x000001f95cc4fc10 flushing  nmethod 0x000001f94aa2c490
Event: 6004.403 Thread 0x000001f95cc4fc10 flushing  nmethod 0x000001f94aa31690
Event: 6004.403 Thread 0x000001f95cc4fc10 flushing  nmethod 0x000001f94aa85d90
Event: 6004.403 Thread 0x000001f95cc4fc10 flushing  nmethod 0x000001f94aad6e90
Event: 6004.403 Thread 0x000001f95cc4fc10 flushing  nmethod 0x000001f94ad07290
Event: 6004.403 Thread 0x000001f95cc4fc10 flushing  nmethod 0x000001f94ada1010
Event: 6004.403 Thread 0x000001f95cc4fc10 flushing  nmethod 0x000001f94ada3090
Event: 6004.403 Thread 0x000001f95cc4fc10 flushing  nmethod 0x000001f94adef210
Event: 6004.403 Thread 0x000001f95cc4fc10 flushing  nmethod 0x000001f94adf1610
Event: 6004.403 Thread 0x000001f95cc4fc10 flushing  nmethod 0x000001f94ae47e10
Event: 6004.403 Thread 0x000001f95cc4fc10 flushing  nmethod 0x000001f94ae48390
Event: 6004.403 Thread 0x000001f95cc4fc10 flushing  nmethod 0x000001f94ae48710
Event: 6004.403 Thread 0x000001f95cc4fc10 flushing  nmethod 0x000001f94ae4bf90
Event: 6004.403 Thread 0x000001f95cc4fc10 flushing  nmethod 0x000001f94aea0090
Event: 6004.403 Thread 0x000001f95cc4fc10 flushing  nmethod 0x000001f94af1fe10
Event: 6004.403 Thread 0x000001f95cc4fc10 flushing  nmethod 0x000001f94af25f90
Event: 6004.403 Thread 0x000001f95cc4fc10 flushing  nmethod 0x000001f94af27310
Event: 6004.403 Thread 0x000001f95cc4fc10 flushing  nmethod 0x000001f94af27910
Event: 6004.403 Thread 0x000001f95cc4fc10 flushing  nmethod 0x000001f94af2a690

Events (20 events):
Event: 5999.769 Thread 0x000001f95cc8e3d0 Thread added: 0x000001f9b9025e40
Event: 6001.297 Thread 0x000001f9b9025e40 Thread exited: 0x000001f9b9025e40
Event: 6001.332 Thread 0x000001f95cc8e3d0 Thread added: 0x000001f9c452e3b0
Event: 6001.375 Thread 0x000001f9a6095100 Thread added: 0x000001f9cc7cfcc0
Event: 6001.644 Thread 0x000001f9c452e3b0 Thread exited: 0x000001f9c452e3b0
Event: 6001.693 Thread 0x000001f9a6095100 Thread added: 0x000001f9cc7d1700
Event: 6001.733 Thread 0x000001f95cc8e3d0 Thread added: 0x000001f9b9025e40
Event: 6001.931 Thread 0x000001f9b9025e40 Thread exited: 0x000001f9b9025e40
Event: 6002.146 Thread 0x000001f95cc8e3d0 Thread added: 0x000001f9b9025e40
Event: 6002.676 Thread 0x000001f9b9025e40 Thread exited: 0x000001f9b9025e40
Event: 6002.779 Thread 0x000001f95cc8e3d0 Thread added: 0x000001f9c452d610
Event: 6004.295 Thread 0x000001f9c452d610 Thread exited: 0x000001f9c452d610
Event: 6004.590 Thread 0x000001f95cc8e3d0 Thread added: 0x000001f9ba17e450
Event: 6005.519 Thread 0x000001f9ba17e450 Thread exited: 0x000001f9ba17e450
Event: 6005.534 Thread 0x000001f95cc8e3d0 Thread added: 0x000001f9c0f5b5e0
Event: 6006.721 Thread 0x000001f9c0f5b5e0 Thread exited: 0x000001f9c0f5b5e0
Event: 6007.034 Thread 0x000001f95cc8e3d0 Thread added: 0x000001f9b82a35a0
Event: 6007.489 Thread 0x000001f9a6095100 Thread added: 0x000001f9ba521840
Event: 6008.179 Thread 0x000001f9b82a35a0 Thread exited: 0x000001f9b82a35a0
Event: 6008.474 Thread 0x000001f95cc8e3d0 Thread added: 0x000001f9c160eb50


Dynamic libraries:
0x00007ff70ce50000 - 0x00007ff70ce5e000 	C:\Users\Tushar\.gradle\jdks\azul_systems__inc_-21-amd64-windows.2\bin\java.exe
0x00007ffc2bbc0000 - 0x00007ffc2be27000 	C:\WINDOWS\SYSTEM32\ntdll.dll
0x00007ffc2a940000 - 0x00007ffc2aa0b000 	C:\WINDOWS\System32\KERNEL32.DLL
0x00007ffc29250000 - 0x00007ffc29651000 	C:\WINDOWS\System32\KERNELBASE.dll
0x00007ffc27980000 - 0x00007ffc27a1f000 	C:\WINDOWS\SYSTEM32\apphelp.dll
0x00007ffc28dc0000 - 0x00007ffc28f0c000 	C:\WINDOWS\System32\ucrtbase.dll
0x00007ffc0b450000 - 0x00007ffc0b46e000 	C:\Users\Tushar\.gradle\jdks\azul_systems__inc_-21-amd64-windows.2\bin\VCRUNTIME140.dll
0x00007ffc1c850000 - 0x00007ffc1c869000 	C:\Users\Tushar\.gradle\jdks\azul_systems__inc_-21-amd64-windows.2\bin\jli.dll
0x00007ffc2a2c0000 - 0x00007ffc2a497000 	C:\WINDOWS\System32\USER32.dll
0x00007ffc27e60000 - 0x00007ffc280f0000 	C:\WINDOWS\WinSxS\amd64_microsoft.windows.common-controls_6595b64144ccf1df_6.0.26100.9549_none_3e0a0396e3330090\COMCTL32.dll
0x00007ffc28f20000 - 0x00007ffc28f47000 	C:\WINDOWS\System32\win32u.dll
0x00007ffc29cd0000 - 0x00007ffc29cfb000 	C:\WINDOWS\System32\GDI32.dll
0x00007ffc2b000000 - 0x00007ffc2b0a9000 	C:\WINDOWS\System32\msvcrt.dll
0x00007ffc29660000 - 0x00007ffc29788000 	C:\WINDOWS\System32\gdi32full.dll
0x00007ffc29010000 - 0x00007ffc290b3000 	C:\WINDOWS\System32\msvcp_win.dll
0x00007ffc2a840000 - 0x00007ffc2a871000 	C:\WINDOWS\System32\IMM32.DLL
0x00007ffc1cde0000 - 0x00007ffc1cdec000 	C:\Users\Tushar\.gradle\jdks\azul_systems__inc_-21-amd64-windows.2\bin\vcruntime140_1.dll
0x00007ffbe2160000 - 0x00007ffbe21ed000 	C:\Users\Tushar\.gradle\jdks\azul_systems__inc_-21-amd64-windows.2\bin\msvcp140.dll
0x00007ffb8d050000 - 0x00007ffb8de38000 	C:\Users\Tushar\.gradle\jdks\azul_systems__inc_-21-amd64-windows.2\bin\server\jvm.dll
0x00007ffc2add0000 - 0x00007ffc2ae8b000 	C:\WINDOWS\System32\ADVAPI32.dll
0x00007ffc2a880000 - 0x00007ffc2a928000 	C:\WINDOWS\System32\sechost.dll
0x00007ffc2ba60000 - 0x00007ffc2bb78000 	C:\WINDOWS\System32\RPCRT4.dll
0x00007ffc2a230000 - 0x00007ffc2a2b1000 	C:\WINDOWS\System32\WS2_32.dll
0x00007ffc28b60000 - 0x00007ffc28bbe000 	C:\WINDOWS\SYSTEM32\POWRPROF.dll
0x00007ffc26830000 - 0x00007ffc2683b000 	C:\WINDOWS\SYSTEM32\VERSION.dll
0x00007ffc1af00000 - 0x00007ffc1af37000 	C:\WINDOWS\SYSTEM32\WINMM.dll
0x00007ffc28b40000 - 0x00007ffc28b55000 	C:\WINDOWS\SYSTEM32\UMPDC.dll
0x00007ffc27170000 - 0x00007ffc2718b000 	C:\WINDOWS\SYSTEM32\kernel.appcore.dll
0x00007ffc1cd80000 - 0x00007ffc1cd8a000 	C:\Users\Tushar\.gradle\jdks\azul_systems__inc_-21-amd64-windows.2\bin\jimage.dll
0x00007ffc28530000 - 0x00007ffc2877c000 	C:\WINDOWS\SYSTEM32\DBGHELP.DLL
0x00007ffc2a4b0000 - 0x00007ffc2a83a000 	C:\WINDOWS\System32\combase.dll
0x00007ffc29bf0000 - 0x00007ffc29cc9000 	C:\WINDOWS\System32\OLEAUT32.dll
0x00007ffc28420000 - 0x00007ffc2845b000 	C:\WINDOWS\SYSTEM32\dbgcore.DLL
0x00007ffc29820000 - 0x00007ffc298cc000 	C:\WINDOWS\System32\bcryptPrimitives.dll
0x00007ffc1cd30000 - 0x00007ffc1cd40000 	C:\Users\Tushar\.gradle\jdks\azul_systems__inc_-21-amd64-windows.2\bin\instrument.dll
0x00007ffbea1b0000 - 0x00007ffbea1d2000 	C:\Users\Tushar\.gradle\jdks\azul_systems__inc_-21-amd64-windows.2\bin\java.dll
0x00007ffc2b0b0000 - 0x00007ffc2b84c000 	C:\WINDOWS\System32\SHELL32.dll
0x00007ffc25840000 - 0x00007ffc260ed000 	C:\WINDOWS\SYSTEM32\windows.storage.dll
0x00007ffc29930000 - 0x00007ffc29a29000 	C:\WINDOWS\System32\SHCORE.dll
0x00007ffc29b80000 - 0x00007ffc29be6000 	C:\WINDOWS\System32\shlwapi.dll
0x00007ffc28cd0000 - 0x00007ffc28cf9000 	C:\WINDOWS\SYSTEM32\profapi.dll
0x00007ffbd9a30000 - 0x00007ffbd9b07000 	C:\Users\Tushar\.gradle\jdks\azul_systems__inc_-21-amd64-windows.2\bin\jsvml.dll
0x00007ffbeaa10000 - 0x00007ffbeaa28000 	C:\Users\Tushar\.gradle\jdks\azul_systems__inc_-21-amd64-windows.2\bin\zip.dll
0x00007ffbea190000 - 0x00007ffbea1a2000 	C:\Users\Tushar\.gradle\jdks\azul_systems__inc_-21-amd64-windows.2\bin\net.dll
0x00007ffc1c550000 - 0x00007ffc1c67a000 	C:\WINDOWS\SYSTEM32\WINHTTP.dll
0x00007ffc26ff0000 - 0x00007ffc2705c000 	C:\WINDOWS\system32\mswsock.dll
0x00007ffbea170000 - 0x00007ffbea186000 	C:\Users\Tushar\.gradle\jdks\azul_systems__inc_-21-amd64-windows.2\bin\nio.dll
0x00007ffc0cdd0000 - 0x00007ffc0cde0000 	C:\Users\Tushar\.gradle\jdks\azul_systems__inc_-21-amd64-windows.2\bin\verify.dll
0x00007ffc0cff0000 - 0x00007ffc0d017000 	C:\Users\Tushar\.gradle\native\660c5614fbf4a5f2a75b1949f50a0caf5cd603558e7d8a26e50b933a0cfb79d1\windows-amd64\native-platform.dll
0x00007ffbdea60000 - 0x00007ffbdead7000 	C:\Users\Tushar\.gradle\native\0.2.8\x86_64-windows-gnu\gradle-fileevents.dll
0x00007ffc0cd90000 - 0x00007ffc0cd9a000 	C:\Users\Tushar\.gradle\jdks\azul_systems__inc_-21-amd64-windows.2\bin\management.dll
0x00007ffc0cd80000 - 0x00007ffc0cd8c000 	C:\Users\Tushar\.gradle\jdks\azul_systems__inc_-21-amd64-windows.2\bin\management_ext.dll
0x00007ffc2a930000 - 0x00007ffc2a938000 	C:\WINDOWS\System32\PSAPI.DLL
0x00007ffc26430000 - 0x00007ffc26463000 	C:\WINDOWS\SYSTEM32\IPHLPAPI.DLL
0x00007ffc2a4a0000 - 0x00007ffc2a4aa000 	C:\WINDOWS\System32\NSI.dll
0x00007ffc0cd70000 - 0x00007ffc0cd79000 	C:\Users\Tushar\.gradle\jdks\azul_systems__inc_-21-amd64-windows.2\bin\extnet.dll
0x00007ffc28920000 - 0x00007ffc2893b000 	C:\WINDOWS\SYSTEM32\CRYPTSP.dll
0x00007ffc269f0000 - 0x00007ffc26a29000 	C:\WINDOWS\system32\rsaenh.dll
0x00007ffc270a0000 - 0x00007ffc270d4000 	C:\WINDOWS\SYSTEM32\USERENV.dll
0x00007ffc28ca0000 - 0x00007ffc28cca000 	C:\WINDOWS\SYSTEM32\bcrypt.dll
0x00007ffc27300000 - 0x00007ffc2730c000 	C:\WINDOWS\SYSTEM32\CRYPTBASE.dll
0x00007ffc0cd60000 - 0x00007ffc0cd6e000 	C:\Users\Tushar\.gradle\jdks\azul_systems__inc_-21-amd64-windows.2\bin\sunmscapi.dll
0x00007ffc290c0000 - 0x00007ffc2923f000 	C:\WINDOWS\System32\CRYPT32.dll
0x00007ffc27e20000 - 0x00007ffc27e50000 	C:\WINDOWS\SYSTEM32\ncrypt.dll
0x00007ffc27d10000 - 0x00007ffc27d4f000 	C:\WINDOWS\SYSTEM32\NTASN1.dll
0x00007ffbdc510000 - 0x00007ffbdc518000 	C:\WINDOWS\system32\wshunix.dll
0x00007ffc264c0000 - 0x00007ffc26618000 	C:\WINDOWS\SYSTEM32\DNSAPI.dll
0x00007ffc26df0000 - 0x00007ffc26dfd000 	C:\WINDOWS\SYSTEM32\DSPARSE.dll
0x00007ffc0c890000 - 0x00007ffc0c89b000 	C:\Windows\System32\rasadhlp.dll
0x00007ffc143b0000 - 0x00007ffc14436000 	C:\WINDOWS\System32\fwpuclnt.dll

JVMTI agents:
C:\Users\Tushar\.gradle\wrapper\dists\gradle-9.6.0-bin\42k10rwplmzkhuboz9kdazi7s\gradle-9.6.0\lib\agents\gradle-instrumentation-agent-9.6.0.jar path:C:\Users\Tushar\.gradle\jdks\azul_systems__inc_-21-amd64-windows.2\bin\instrument.dll, loaded, initialized, instrumentlib options:none

dbghelp: loaded successfully - version: 4.0.5 - missing functions: none
symbol engine: initialized successfully - sym options: 0x614 - pdb path: .;C:\Users\Tushar\.gradle\jdks\azul_systems__inc_-21-amd64-windows.2\bin;C:\WINDOWS\SYSTEM32;C:\WINDOWS\WinSxS\amd64_microsoft.windows.common-controls_6595b64144ccf1df_6.0.26100.9549_none_3e0a0396e3330090;C:\Users\Tushar\.gradle\jdks\azul_systems__inc_-21-amd64-windows.2\bin\server;C:\Users\Tushar\.gradle\native\660c5614fbf4a5f2a75b1949f50a0caf5cd603558e7d8a26e50b933a0cfb79d1\windows-amd64;C:\Users\Tushar\.gradle\native\0.2.8\x86_64-windows-gnu

VM Arguments:
jvm_args: --add-opens=java.base/java.lang=ALL-UNNAMED --add-opens=java.base/java.lang.invoke=ALL-UNNAMED --add-opens=java.base/java.util=ALL-UNNAMED --add-opens=java.prefs/java.util.prefs=ALL-UNNAMED --add-exports=jdk.compiler/com.sun.tools.javac.api=ALL-UNNAMED --add-exports=jdk.compiler/com.sun.tools.javac.util=ALL-UNNAMED --add-opens=java.base/java.nio.charset=ALL-UNNAMED --add-opens=java.base/java.net=ALL-UNNAMED --add-opens=java.base/java.util.concurrent=ALL-UNNAMED --add-opens=java.base/java.util.concurrent.atomic=ALL-UNNAMED --add-opens=java.xml/javax.xml.namespace=ALL-UNNAMED --add-opens=java.base/java.time=ALL-UNNAMED -Xmx4096M -Dfile.encoding=UTF-8 -Duser.country=US -Duser.language=en -Duser.variant -javaagent:C:\Users\Tushar\.gradle\wrapper\dists\gradle-9.6.0-bin\42k10rwplmzkhuboz9kdazi7s\gradle-9.6.0\lib\agents\gradle-instrumentation-agent-9.6.0.jar 
java_command: org.gradle.launcher.daemon.bootstrap.GradleDaemon 9.6.0
java_class_path (initial): C:\Users\Tushar\.gradle\wrapper\dists\gradle-9.6.0-bin\42k10rwplmzkhuboz9kdazi7s\gradle-9.6.0\lib\gradle-daemon-main-9.6.0.jar
Launcher Type: SUN_STANDARD

[Global flags]
     intx CICompilerCount                          = 3                                         {product} {ergonomic}
     uint ConcGCThreads                            = 2                                         {product} {ergonomic}
     uint G1ConcRefinementThreads                  = 6                                         {product} {ergonomic}
   size_t G1HeapRegionSize                         = 2097152                                   {product} {ergonomic}
    uintx GCDrainStackTargetSize                   = 64                                        {product} {ergonomic}
   size_t InitialHeapSize                          = 402653184                                 {product} {ergonomic}
   size_t MarkStackSize                            = 4194304                                   {product} {ergonomic}
   size_t MaxHeapSize                              = 4294967296                                {product} {command line}
   size_t MaxNewSize                               = 2575302656                                {product} {ergonomic}
   size_t MinHeapDeltaBytes                        = 2097152                                   {product} {ergonomic}
   size_t MinHeapSize                              = 8388608                                   {product} {ergonomic}
    uintx NonNMethodCodeHeapSize                   = 5832780                                {pd product} {ergonomic}
    uintx NonProfiledCodeHeapSize                  = 122912730                              {pd product} {ergonomic}
    uintx ProfiledCodeHeapSize                     = 122912730                              {pd product} {ergonomic}
    uintx ReservedCodeCacheSize                    = 251658240                              {pd product} {ergonomic}
     bool SegmentedCodeCache                       = true                                      {product} {ergonomic}
   size_t SoftMaxHeapSize                          = 4294967296                             {manageable} {ergonomic}
     bool UseCompressedOops                        = true                           {product lp64_product} {ergonomic}
     bool UseG1GC                                  = true                                      {product} {ergonomic}
     bool UseLargePagesIndividualAllocation        = false                                  {pd product} {ergonomic}

Logging:
Log output configuration:
 #0: stdout all=warning uptime,level,tags foldmultilines=false
 #1: stderr all=off uptime,level,tags foldmultilines=false

Release file:
IMPLEMENTOR="Azul Systems, Inc." 
IMPLEMENTOR_VERSION="Zulu21.50+19-CA" 
JAVA_RUNTIME_VERSION="21.0.11+10-LTS" 
JAVA_VERSION="21.0.11" 
JAVA_VERSION_DATE="2026-04-21" 
LIBC="default" 
MODULES="java.base com.azul.tooling java.logging java.management java.security.sasl java.naming jdk.jfr com.azul.crs.client java.compiler java.datatransfer java.xml java.prefs java.desktop java.instrument java.rmi java.management.rmi java.net.http java.scripting java.security.jgss java.transaction.xa java.sql java.sql.rowset java.xml.crypto java.se java.smartcardio javafx.base jdk.unsupported javafx.graphics javafx.controls javafx.fxml javafx.media jdk.unsupported.desktop javafx.swing jdk.jsobject jdk.xml.dom javafx.web jdk.accessibility jdk.internal.jvmstat jdk.attach jdk.charsets jdk.internal.opt jdk.zipfs jdk.compiler jdk.crypto.ec jdk.crypto.cryptoki jdk.crypto.mscapi jdk.dynalink jdk.internal.ed jdk.editpad jdk.hotspot.agent jdk.httpserver jdk.incubator.vector jdk.internal.le jdk.internal.vm.ci jdk.internal.vm.compiler jdk.internal.vm.compiler.management jdk.jartool jdk.javadoc jdk.jcmd jdk.management jdk.management.agent jdk.jconsole jdk.jdeps jdk.jdwp.agent jdk.jdi jdk.jlink jdk.jpackage jdk.jshell jdk.jstatd jdk.localedata jdk.management.jfr jdk.naming.dns jdk.naming.rmi jdk.net jdk.nio.mapmode jdk.random jdk.sctp jdk.security.auth jdk.security.jgss" 
OS_ARCH="x86_64" 
OS_NAME="Windows" 
SOURCE=".:git:ffff125054c5+" 

Environment Variables:
JAVA_HOME=C:\Program Files\Java\jdk-21
PATH=C:\Python311\Scripts\;C:\Python311\;C:\Python310\Scripts\;C:\Python310\;C:\Program Files\Common Files\Oracle\Java\javapath;C:\Program Files (x86)\Common Files\Oracle\Java\javapath;C:\WINDOWS\system32;C:\WINDOWS;C:\WINDOWS\System32\Wbem;C:\WINDOWS\System32\WindowsPowerShell\v1.0\;C:\WINDOWS\System32\OpenSSH\;C:\Users\Tushar\AppData\Local\Microsoft\WindowsApps;C:\flutter\bin;C:\Users\Tushar\AppData\Local\gitkraken\bin;C:\Users\Tushar\AppData\Local\GitHubDesktop\bin;C:\Users\Tushar\AppData\Local\Programs\Microsoft VS Code\bin;C:\adb;C:\Program Files\dotnet\;C:\Program Files\Microsoft SQL Server\150\Tools\Binn\;C:\ProgramData\chocolatey\bin;C:\WINDOWS\system32;C:\WINDOWS;C:\WINDOWS\System32\Wbem;C:\WINDOWS\System32\WindowsPowerShell\v1.0\;C:\WINDOWS\System32\OpenSSH\;C:\Program Files\Java\jdk-17;C:\Program Files\Git\cmd;C:\Program Files\NVIDIA Corporation\NVIDIA App\NvDLISR;C:\Program Files (x86)\NVIDIA Corporation\PhysX\Common;C:\Program Files\nodejs\;C:\Users\Tushar\AppData\Local\Programs\PHP\current;C:\Users\Tushar\AppData\Local\Microsoft\WindowsApps;C:\flutter\bin;C:\Users\Tushar\AppData\Local\GitHubDesktop\bin;C:\Program Files\heroku\bin;C:\Users\Tushar\.dotnet\tools;C:\Program Files\Java\jdk-17\bin;C:\Users\Tushar\AppData\Local\Programs\Ollama;C:\Users\Tushar\AppData\Local\Programs\Microsoft VS Code\bin;C:\Users\Tushar\AppData\Local\Programs\Antigravity IDE\bin;C:\Users\Tushar\AppData\Roaming\npm;%USERPROFILE%\AppData\Local\Microsoft\WindowsApps;
USERNAME=Tushar
OS=Windows_NT
PROCESSOR_IDENTIFIER=AMD64 Family 23 Model 113 Stepping 0, AuthenticAMD
TMP=C:\Users\Tushar\AppData\Local\Temp
TEMP=C:\Users\Tushar\AppData\Local\Temp




Periodic native trim disabled

---------------  S Y S T E M  ---------------

OS:
 Windows 11 , 64 bit Build 26100 (10.0.26100.9549)
OS uptime: 0 days 1:55 hours

CPU: total 6 (initial active 6) (6 cores per cpu, 1 threads per core) family 23 model 113 stepping 0 microcode 0x8701021, cx8, cmov, fxsr, mmx, 3dnowpref, sse, sse2, sse3, ssse3, sse4a, sse4.1, sse4.2, popcnt, lzcnt, tsc, tscinvbit, avx, avx2, aes, clmul, bmi1, bmi2, adx, sha, fma, vzeroupper, clflush, clflushopt, rdtscp, rdpid, f16c
Processor Information for the first 6 processors :
  Max Mhz: 3600, Current Mhz: 3600, Mhz Limit: 3600

Memory: 4k page, system-wide physical 24520M (10943M free)
TotalPageFile size 73672M (AvailPageFile size 53911M)
current process WorkingSet (physical memory assigned to process): 1610M, peak: 1701M
current process commit charge ("private bytes"): 1818M, peak: 1822M

vm_info: OpenJDK 64-Bit Server VM (21.0.11+10-LTS) for windows-amd64 JRE (21.0.11+10-LTS) (Zulu21.50+19-CA), built on 2026-04-17T20:44:27Z by "zulu_re" with MS VC++ 17.1 (VS2022)

END.
